timestamp_utc,sensor_sn,measurement_type,data_type,units,value
2026-04-25T00:00:00+00:00,22411189-1,Temperature,CURRENT,°C,9.220810546875
2026-04-25T00:00:00+00:00,22411189-2,RH,CURRENT,%,46.831464103150985
2026-04-25T00:00:00+00:00,22411189-3,Dew Point,CURRENT,°C,-1.5456805554291457
2026-04-25T00:00:00+00:00,22411190-1,Temperature,CURRENT,°C,9.242260742187497
2026-04-25T00:00:00+00:00,22411190-2,RH,CURRENT,%,45.64278629739834
2026-04-25T00:00:00+00:00,22411190-3,Dew Point,CURRENT,°C,-1.8748461703832018
2026-04-25T00:00:00+00:00,22411191-1,Temperature,CURRENT,°C,9.328061523437498
2026-04-25T00:00:00+00:00,22411191-2,RH,CURRENT,%,44.73640039673457
2026-04-25T00:00:00+00:00,22411191-3,Dew Point,CURRENT,°C,-2.0680821116226893
2026-04-25T00:00:00+00:00,22411525-1,Temperature,CURRENT,°C,9.306611328125001
2026-04-25T00:00:00+00:00,22411525-2,RH,CURRENT,%,44.47089341573205
2026-04-25T00:00:00+00:00,22411525-3,Dew Point,CURRENT,°C,-2.168098062010466
2026-04-25T00:00:00+00:00,22411526-1,Temperature,CURRENT,°C,9.156459960937497
2026-04-25T00:00:00+00:00,22411526-2,RH,CURRENT,%,47.570000762951096
2026-04-25T00:00:00+00:00,22411526-3,Dew Point,CURRENT,°C,-1.3919772562980637
2026-04-25T00:00:00+00:00,22411527-1,Temperature,CURRENT,°C,9.328061523437498
2026-04-25T00:00:00+00:00,22411527-2,RH,CURRENT,%,44.56702525368124
2026-04-25T00:00:00+00:00,22411527-3,Dew Point,CURRENT,°C,-2.1193756243306314
2026-04-25T00:00:00+00:00,22411528-1,Temperature,CURRENT,°C,9.092109375
2026-04-25T00:00:00+00:00,22411528-2,RH,CURRENT,%,49.14015411612116
2026-04-25T00:00:00+00:00,22411528-3,Dew Point,CURRENT,°C,-1.0086850865349293
2026-04-25T00:00:00+00:00,22411529-1,Temperature,CURRENT,°C,8.920507812499999
2026-04-25T00:00:00+00:00,22411529-2,RH,CURRENT,%,55.0591287098497
2026-04-25T00:00:00+00:00,22411529-3,Dew Point,CURRENT,°C,0.39348395681443854
2026-04-25T00:00:00+00:00,22411530-1,Temperature,CURRENT,°C,9.306611328125001
2026-04-25T00:00:00+00:00,22411530-2,RH,CURRENT,%,44.91798275730525
2026-04-25T00:00:00+00:00,22411530-3,Dew Point,CURRENT,°C,-2.032837885476555
2026-04-25T00:01:00+00:00,22411541-S,Battery,CURRENT,V,8.564619873046876
2026-04-25T00:05:00+00:00,22411189-1,Temperature,CURRENT,°C,9.049208984375
2026-04-25T00:05:00+00:00,22411189-2,RH,CURRENT,%,48.47028305485618
2026-04-25T00:05:00+00:00,22411189-3,Dew Point,CURRENT,°C,-1.2353106201175887
2026-04-25T00:05:00+00:00,22411190-1,Temperature,CURRENT,°C,9.092109375
2026-04-25T00:05:00+00:00,22411190-2,RH,CURRENT,%,47.13817044327459
2026-04-25T00:05:00+00:00,22411190-3,Dew Point,CURRENT,°C,-1.57495783351516
2026-04-25T00:05:00+00:00,22411191-1,Temperature,CURRENT,°C,9.17791015625
2026-04-25T00:05:00+00:00,22411191-2,RH,CURRENT,%,45.97238117036698
2026-04-25T00:05:00+00:00,22411191-3,Dew Point,CURRENT,°C,-1.8361544155839957
2026-04-25T00:05:00+00:00,22411525-1,Temperature,CURRENT,°C,9.17791015625
2026-04-25T00:05:00+00:00,22411525-2,RH,CURRENT,%,45.357442587930116
2026-04-25T00:05:00+00:00,22411525-3,Dew Point,CURRENT,°C,-2.0185100614468476
2026-04-25T00:05:00+00:00,22411526-1,Temperature,CURRENT,°C,8.984858398437495
2026-04-25T00:05:00+00:00,22411526-2,RH,CURRENT,%,49.48195620660716
2026-04-25T00:05:00+00:00,22411526-3,Dew Point,CURRENT,°C,-1.0129334134120318
2026-04-25T00:05:00+00:00,22411527-1,Temperature,CURRENT,°C,9.199360351562497
2026-04-25T00:05:00+00:00,22411527-2,RH,CURRENT,%,45.38643472953384
2026-04-25T00:05:00+00:00,22411527-3,Dew Point,CURRENT,°C,-1.9902838613258167
2026-04-25T00:05:00+00:00,22411528-1,Temperature,CURRENT,°C,8.920507812499999
2026-04-25T00:05:00+00:00,22411528-2,RH,CURRENT,%,51.11161974517434
2026-04-25T00:05:00+00:00,22411528-3,Dew Point,CURRENT,°C,-0.6294563083181857
2026-04-25T00:05:00+00:00,22411529-1,Temperature,CURRENT,°C,8.791806640624998
2026-04-25T00:05:00+00:00,22411529-2,RH,CURRENT,%,57.045853360799576
2026-04-25T00:05:00+00:00,22411529-3,Dew Point,CURRENT,°C,0.7633649977335825
2026-04-25T00:05:00+00:00,22411530-1,Temperature,CURRENT,°C,9.135009765625
2026-04-25T00:05:00+00:00,22411530-2,RH,CURRENT,%,46.35538261997406
2026-04-25T00:05:00+00:00,22411530-3,Dew Point,CURRENT,°C,-1.7629213522189697
2026-04-25T00:06:00+00:00,22411541-S,Battery,CURRENT,V,8.561389160156251
2026-04-25T00:10:00+00:00,22411189-1,Temperature,CURRENT,°C,8.963408203124999
2026-04-25T00:10:00+00:00,22411189-2,RH,CURRENT,%,45.691615167467766
2026-04-25T00:10:00+00:00,22411189-3,Dew Point,CURRENT,°C,-2.1151009914119148
2026-04-25T00:10:00+00:00,22411190-1,Temperature,CURRENT,°C,9.00630859375
2026-04-25T00:10:00+00:00,22411190-2,RH,CURRENT,%,44.23285267414359
2026-04-25T00:10:00+00:00,22411190-3,Dew Point,CURRENT,°C,-2.5139171333794605
2026-04-25T00:10:00+00:00,22411191-1,Temperature,CURRENT,°C,9.092109375
2026-04-25T00:10:00+00:00,22411191-2,RH,CURRENT,%,43.63317311360342
2026-04-25T00:10:00+00:00,22411191-3,Dew Point,CURRENT,°C,-2.6197257483423786
2026-04-25T00:10:00+00:00,22411525-1,Temperature,CURRENT,°C,9.092109375
2026-04-25T00:10:00+00:00,22411525-2,RH,CURRENT,%,43.21507591363394
2026-04-25T00:10:00+00:00,22411525-3,Dew Point,CURRENT,°C,-2.7492703177774347
2026-04-25T00:10:00+00:00,22411526-1,Temperature,CURRENT,°C,8.920507812499999
2026-04-25T00:10:00+00:00,22411526-2,RH,CURRENT,%,46.23178454261082
2026-04-25T00:10:00+00:00,22411526-3,Dew Point,CURRENT,°C,-1.99534482438954
2026-04-25T00:10:00+00:00,22411527-1,Temperature,CURRENT,°C,9.135009765625
2026-04-25T00:10:00+00:00,22411527-2,RH,CURRENT,%,43.146410315098805
2026-04-25T00:10:00+00:00,22411527-3,Dew Point,CURRENT,°C,-2.7317178236655897
2026-04-25T00:10:00+00:00,22411528-1,Temperature,CURRENT,°C,8.834707031249998
2026-04-25T00:10:00+00:00,22411528-2,RH,CURRENT,%,48.05065995269703
2026-04-25T00:10:00+00:00,22411528-3,Dew Point,CURRENT,°C,-1.5507895840891734
2026-04-25T00:10:00+00:00,22411529-1,Temperature,CURRENT,°C,8.706005859374997
2026-04-25T00:10:00+00:00,22411529-2,RH,CURRENT,%,53.205157549401086
2026-04-25T00:10:00+00:00,22411529-3,Dew Point,CURRENT,°C,-0.2780222580752957
2026-04-25T00:10:00+00:00,22411530-1,Temperature,CURRENT,°C,9.070659179687496
2026-04-25T00:10:00+00:00,22411530-2,RH,CURRENT,%,43.58587014572366
2026-04-25T00:10:00+00:00,22411530-3,Dew Point,CURRENT,°C,-2.653816854198273
2026-04-25T00:11:00+00:00,22411541-S,Battery,CURRENT,V,8.558158447265626
2026-04-25T00:15:00+00:00,22411189-1,Temperature,CURRENT,°C,8.920507812499999
2026-04-25T00:15:00+00:00,22411189-2,RH,CURRENT,%,49.280537117570766
2026-04-25T00:15:00+00:00,22411189-3,Dew Point,CURRENT,°C,-1.127886277524495
2026-04-25T00:15:00+00:00,22411190-1,Temperature,CURRENT,°C,8.963408203124999
2026-04-25T00:15:00+00:00,22411190-2,RH,CURRENT,%,47.68291752498665
2026-04-25T00:15:00+00:00,22411190-3,Dew Point,CURRENT,°C,-1.5369507752758107
2026-04-25T00:15:00+00:00,22411191-1,Temperature,CURRENT,°C,9.027758789062496
2026-04-25T00:15:00+00:00,22411191-2,RH,CURRENT,%,46.77195391775387
2026-04-25T00:15:00+00:00,22411191-3,Dew Point,CURRENT,°C,-1.7397855969191824
2026-04-25T00:15:00+00:00,22411525-1,Temperature,CURRENT,°C,9.027758789062496
2026-04-25T00:15:00+00:00,22411525-2,RH,CURRENT,%,46.15091172655833
2026-04-25T00:15:00+00:00,22411525-3,Dew Point,CURRENT,°C,-1.9209428238691115
2026-04-25T00:15:00+00:00,22411526-1,Temperature,CURRENT,°C,8.877607421874998
2026-04-25T00:15:00+00:00,22411526-2,RH,CURRENT,%,49.68032349126421
2026-04-25T00:15:00+00:00,22411526-3,Dew Point,CURRENT,°C,-1.0572538531443874
2026-04-25T00:15:00+00:00,22411527-1,Temperature,CURRENT,°C,9.049208984375
2026-04-25T00:15:00+00:00,22411527-2,RH,CURRENT,%,46.076142519264515
2026-04-25T00:15:00+00:00,22411527-3,Dew Point,CURRENT,°C,-1.9232834212518262
2026-04-25T00:15:00+00:00,22411528-1,Temperature,CURRENT,°C,8.791806640624998
2026-04-25T00:15:00+00:00,22411528-2,RH,CURRENT,%,51.706721599145496
2026-04-25T00:15:00+00:00,22411528-3,Dew Point,CURRENT,°C,-0.5901352613891621
2026-04-25T00:15:00+00:00,22411529-1,Temperature,CURRENT,°C,8.6845556640625
2026-04-25T00:15:00+00:00,22411529-2,RH,CURRENT,%,57.03059433890288
2026-04-25T00:15:00+00:00,22411529-3,Dew Point,CURRENT,°C,0.6591295761667582
2026-04-25T00:15:00+00:00,22411530-1,Temperature,CURRENT,°C,9.027758789062496
2026-04-25T00:15:00+00:00,22411530-2,RH,CURRENT,%,46.918440527962154
2026-04-25T00:15:00+00:00,22411530-3,Dew Point,CURRENT,°C,-1.6973660988206674
2026-04-25T00:16:00+00:00,22411541-S,Battery,CURRENT,V,8.558158447265626
2026-04-25T00:20:00+00:00,22411189-1,Temperature,CURRENT,°C,8.963408203124999
2026-04-25T00:20:00+00:00,22411189-2,RH,CURRENT,%,48.64118410009918
2026-04-25T00:20:00+00:00,22411189-3,Dew Point,CURRENT,°C,-1.2663097145216986
2026-04-25T00:20:00+00:00,22411190-1,Temperature,CURRENT,°C,9.00630859375
2026-04-25T00:20:00+00:00,22411190-2,RH,CURRENT,%,47.244983596551464
2026-04-25T00:20:00+00:00,22411190-3,Dew Point,CURRENT,°C,-1.6228977466675107
2026-04-25T00:20:00+00:00,22411191-1,Temperature,CURRENT,°C,9.092109375
2026-04-25T00:20:00+00:00,22411191-2,RH,CURRENT,%,46.323338673990996
2026-04-25T00:20:00+00:00,22411191-3,Dew Point,CURRENT,°C,-1.811550658421164
2026-04-25T00:20:00+00:00,22411525-1,Temperature,CURRENT,°C,9.092109375
2026-04-25T00:20:00+00:00,22411525-2,RH,CURRENT,%,45.78774700541695
2026-04-25T00:20:00+00:00,22411525-3,Dew Point,CURRENT,°C,-1.9690782792118293
2026-04-25T00:20:00+00:00,22411526-1,Temperature,CURRENT,°C,8.899057617187495
2026-04-25T00:20:00+00:00,22411526-2,RH,CURRENT,%,49.57351033798734
2026-04-25T00:20:00+00:00,22411526-3,Dew Point,CURRENT,°C,-1.0668295446665435
2026-04-25T00:20:00+00:00,22411527-1,Temperature,CURRENT,°C,9.113559570312496
2026-04-25T00:20:00+00:00,22411527-2,RH,CURRENT,%,45.993743801022354
2026-04-25T00:20:00+00:00,22411527-3,Dew Point,CURRENT,°C,-1.8886883734106612
2026-04-25T00:20:00+00:00,22411528-1,Temperature,CURRENT,°C,8.813256835937501
2026-04-25T00:20:00+00:00,22411528-2,RH,CURRENT,%,51.27641718165866
2026-04-25T00:20:00+00:00,22411528-3,Dew Point,CURRENT,°C,-0.6846712216176729
2026-04-25T00:20:00+00:00,22411529-1,Temperature,CURRENT,°C,8.6416552734375
2026-04-25T00:20:00+00:00,22411529-2,RH,CURRENT,%,55.927367055771725
2026-04-25T00:20:00+00:00,22411529-3,Dew Point,CURRENT,°C,0.3489606145580545
2026-04-25T00:20:00+00:00,22411530-1,Temperature,CURRENT,°C,9.092109375
2026-04-25T00:20:00+00:00,22411530-2,RH,CURRENT,%,46.22720683604181
2026-04-25T00:20:00+00:00,22411530-3,Dew Point,CURRENT,°C,-1.8397057282219047
2026-04-25T00:21:00+00:00,22411541-S,Battery,CURRENT,V,8.548466308593751
2026-04-25T00:25:00+00:00,22411189-1,Temperature,CURRENT,°C,8.834707031249998
2026-04-25T00:25:00+00:00,22411189-2,RH,CURRENT,%,48.18341344319829
2026-04-25T00:25:00+00:00,22411189-3,Dew Point,CURRENT,°C,-1.5133038550018287
2026-04-25T00:25:00+00:00,22411190-1,Temperature,CURRENT,°C,8.899057617187495
2026-04-25T00:25:00+00:00,22411190-2,RH,CURRENT,%,46.787212939650566
2026-04-25T00:25:00+00:00,22411190-3,Dew Point,CURRENT,°C,-1.8532606378535876
2026-04-25T00:25:00+00:00,22411191-1,Temperature,CURRENT,°C,9.00630859375
2026-04-25T00:25:00+00:00,22411191-2,RH,CURRENT,%,45.4535744258793
2026-04-25T00:25:00+00:00,22411191-3,Dew Point,CURRENT,°C,-2.146529456114271
2026-04-25T00:25:00+00:00,22411525-1,Temperature,CURRENT,°C,8.984858398437495
2026-04-25T00:25:00+00:00,22411525-2,RH,CURRENT,%,45.114824139772644
2026-04-25T00:25:00+00:00,22411525-3,Dew Point,CURRENT,°C,-2.267162969714998
2026-04-25T00:25:00+00:00,22411526-1,Temperature,CURRENT,°C,8.770356445312501
2026-04-25T00:25:00+00:00,22411526-2,RH,CURRENT,%,49.44686045624476
2026-04-25T00:25:00+00:00,22411526-3,Dew Point,CURRENT,°C,-1.2203744463153254
2026-04-25T00:25:00+00:00,22411527-1,Temperature,CURRENT,°C,9.027758789062496
2026-04-25T00:25:00+00:00,22411527-2,RH,CURRENT,%,45.17586022735943
2026-04-25T00:25:00+00:00,22411527-3,Dew Point,CURRENT,°C,-2.2097651469102892
2026-04-25T00:25:00+00:00,22411528-1,Temperature,CURRENT,°C,8.6845556640625
2026-04-25T00:25:00+00:00,22411528-2,RH,CURRENT,%,51.46868085755703
2026-04-25T00:25:00+00:00,22411528-3,Dew Point,CURRENT,°C,-0.7526553992499174
2026-04-25T00:25:00+00:00,22411529-1,Temperature,CURRENT,°C,8.534404296874996
2026-04-25T00:25:00+00:00,22411529-2,RH,CURRENT,%,57.048905165178915
2026-04-25T00:25:00+00:00,22411529-3,Dew Point,CURRENT,°C,0.5228209778657786
2026-04-25T00:25:00+00:00,22411530-1,Temperature,CURRENT,°C,8.963408203124999
2026-04-25T00:25:00+00:00,22411530-2,RH,CURRENT,%,45.989166094453346
2026-04-25T00:25:00+00:00,22411530-3,Dew Point,CURRENT,°C,-2.027310412730033
2026-04-25T00:26:00+00:00,22411541-S,Battery,CURRENT,V,8.548466308593751
2026-04-25T00:30:00+00:00,22411189-1,Temperature,CURRENT,°C,8.770356445312501
2026-04-25T00:30:00+00:00,22411189-2,RH,CURRENT,%,48.33905546654459
2026-04-25T00:30:00+00:00,22411189-3,Dew Point,CURRENT,°C,-1.5286458332164088
2026-04-25T00:30:00+00:00,22411190-1,Temperature,CURRENT,°C,8.834707031249998
2026-04-25T00:30:00+00:00,22411190-2,RH,CURRENT,%,46.97489890897993
2026-04-25T00:30:00+00:00,22411190-3,Dew Point,CURRENT,°C,-1.8579804482149138
2026-04-25T00:30:00+00:00,22411191-1,Temperature,CURRENT,°C,8.920507812499999
2026-04-25T00:30:00+00:00,22411191-2,RH,CURRENT,%,45.92050049591821
2026-04-25T00:30:00+00:00,22411191-3,Dew Point,CURRENT,°C,-2.0867407786367616
2026-04-25T00:30:00+00:00,22411525-1,Temperature,CURRENT,°C,8.920507812499999
2026-04-25T00:30:00+00:00,22411525-2,RH,CURRENT,%,45.68398565651942
2026-04-25T00:30:00+00:00,22411525-3,Dew Point,CURRENT,°C,-2.156551166509891
2026-04-25T00:30:00+00:00,22411526-1,Temperature,CURRENT,°C,8.6845556640625
2026-04-25T00:30:00+00:00,22411526-2,RH,CURRENT,%,49.033340962844285
2026-04-25T00:30:00+00:00,22411526-3,Dew Point,CURRENT,°C,-1.4137548157492559
2026-04-25T00:30:00+00:00,22411527-1,Temperature,CURRENT,°C,8.941958007812495
2026-04-25T00:30:00+00:00,22411527-2,RH,CURRENT,%,45.80605783169299
2026-04-25T00:30:00+00:00,22411527-3,Dew Point,CURRENT,°C,-2.1008778296761332
2026-04-25T00:30:00+00:00,22411528-1,Temperature,CURRENT,°C,8.577304687499996
2026-04-25T00:30:00+00:00,22411528-2,RH,CURRENT,%,51.033798733501186
2026-04-25T00:30:00+00:00,22411528-3,Dew Point,CURRENT,°C,-0.9678981394298577
2026-04-25T00:30:00+00:00,22411529-1,Temperature,CURRENT,°C,8.362802734374995
2026-04-25T00:30:00+00:00,22411529-2,RH,CURRENT,%,56.74677653162432
2026-04-25T00:30:00+00:00,22411529-3,Dew Point,CURRENT,°C,0.28866926876241233
2026-04-25T00:30:00+00:00,22411530-1,Temperature,CURRENT,°C,8.899057617187495
2026-04-25T00:30:00+00:00,22411530-2,RH,CURRENT,%,46.201266498817425
2026-04-25T00:30:00+00:00,22411530-3,Dew Point,CURRENT,°C,-2.023902905721289
2026-04-25T00:31:00+00:00,22411541-S,Battery,CURRENT,V,8.548466308593751
2026-04-25T00:35:00+00:00,22411189-1,Temperature,CURRENT,°C,8.577304687499996
2026-04-25T00:35:00+00:00,22411189-2,RH,CURRENT,%,52.01342793926909
2026-04-25T00:35:00+00:00,22411189-3,Dew Point,CURRENT,°C,-0.7080402275932894
2026-04-25T00:35:00+00:00,22411190-1,Temperature,CURRENT,°C,8.6416552734375
2026-04-25T00:35:00+00:00,22411190-2,RH,CURRENT,%,50.467689021133744
2026-04-25T00:35:00+00:00,22411190-3,Dew Point,CURRENT,°C,-1.0606112541442545
2026-04-25T00:35:00+00:00,22411191-1,Temperature,CURRENT,°C,8.7274560546875
2026-04-25T00:35:00+00:00,22411191-2,RH,CURRENT,%,49.500267032883194
2026-04-25T00:35:00+00:00,22411191-3,Dew Point,CURRENT,°C,-1.2452262172772686
2026-04-25T00:35:00+00:00,22411525-1,Temperature,CURRENT,°C,8.706005859374997
2026-04-25T00:35:00+00:00,22411525-2,RH,CURRENT,%,48.81818875410086
2026-04-25T00:35:00+00:00,22411525-3,Dew Point,CURRENT,°C,-1.4538001486850447
2026-04-25T00:35:00+00:00,22411526-1,Temperature,CURRENT,°C,8.491503906249996
2026-04-25T00:35:00+00:00,22411526-2,RH,CURRENT,%,52.85114824139772
2026-04-25T00:35:00+00:00,22411526-3,Dew Point,CURRENT,°C,-0.5689591350422841
2026-04-25T00:35:00+00:00,22411527-1,Temperature,CURRENT,°C,8.748906249999997
2026-04-25T00:35:00+00:00,22411527-2,RH,CURRENT,%,48.81513694972152
2026-04-25T00:35:00+00:00,22411527-3,Dew Point,CURRENT,°C,-1.4151548723631877
2026-04-25T00:35:00+00:00,22411528-1,Temperature,CURRENT,°C,8.384252929687499
2026-04-25T00:35:00+00:00,22411528-2,RH,CURRENT,%,54.045929655909056
2026-04-25T00:35:00+00:00,22411528-3,Dew Point,CURRENT,°C,-0.36226344357711776
2026-04-25T00:35:00+00:00,22411529-1,Temperature,CURRENT,°C,8.191201171875
2026-04-25T00:35:00+00:00,22411529-2,RH,CURRENT,%,58.44510566872663
2026-04-25T00:35:00+00:00,22411529-3,Dew Point,CURRENT,°C,0.5349062349661287
2026-04-25T00:35:00+00:00,22411530-1,Temperature,CURRENT,°C,8.6845556640625
2026-04-25T00:35:00+00:00,22411530-2,RH,CURRENT,%,49.77187762264439
2026-04-25T00:35:00+00:00,22411530-3,Dew Point,CURRENT,°C,-1.2102579665434776
2026-04-25T00:36:00+00:00,22411541-S,Battery,CURRENT,V,8.538774169921876
2026-04-25T00:40:00+00:00,22411189-1,Temperature,CURRENT,°C,8.5129541015625
2026-04-25T00:40:00+00:00,22411189-2,RH,CURRENT,%,51.999694819562066
2026-04-25T00:40:00+00:00,22411189-3,Dew Point,CURRENT,°C,-0.7713325776656996
2026-04-25T00:40:00+00:00,22411190-1,Temperature,CURRENT,°C,8.577304687499996
2026-04-25T00:40:00+00:00,22411190-2,RH,CURRENT,%,50.339513237201494
2026-04-25T00:40:00+00:00,22411190-3,Dew Point,CURRENT,°C,-1.154750810188314
2026-04-25T00:40:00+00:00,22411191-1,Temperature,CURRENT,°C,8.663105468749997
2026-04-25T00:40:00+00:00,22411191-2,RH,CURRENT,%,49.08522163729305
2026-04-25T00:40:00+00:00,22411191-3,Dew Point,CURRENT,°C,-1.41913183384242
2026-04-25T00:40:00+00:00,22411525-1,Temperature,CURRENT,°C,8.663105468749997
2026-04-25T00:40:00+00:00,22411525-2,RH,CURRENT,%,48.35278858625162
2026-04-25T00:40:00+00:00,22411525-3,Dew Point,CURRENT,°C,-1.623416539912365
2026-04-25T00:40:00+00:00,22411526-1,Temperature,CURRENT,°C,8.427153320312499
2026-04-25T00:40:00+00:00,22411526-2,RH,CURRENT,%,53.09071488517586
2026-04-25T00:40:00+00:00,22411526-3,Dew Point,CURRENT,°C,-0.5668170706245043
2026-04-25T00:40:00+00:00,22411527-1,Temperature,CURRENT,°C,8.6845556640625
2026-04-25T00:40:00+00:00,22411527-2,RH,CURRENT,%,48.31464103150988
2026-04-25T00:40:00+00:00,22411527-3,Dew Point,CURRENT,°C,-1.614406655340046
2026-04-25T00:40:00+00:00,22411528-1,Temperature,CURRENT,°C,8.341352539062498
2026-04-25T00:40:00+00:00,22411528-2,RH,CURRENT,%,54.39383535515373
2026-04-25T00:40:00+00:00,22411528-3,Dew Point,CURRENT,°C,-0.31417973027440516
2026-04-25T00:40:00+00:00,22411529-1,Temperature,CURRENT,°C,8.14830078125
2026-04-25T00:40:00+00:00,22411529-2,RH,CURRENT,%,59.687190051117724
2026-04-25T00:40:00+00:00,22411529-3,Dew Point,CURRENT,°C,0.7855779600011823
2026-04-25T00:40:00+00:00,22411530-1,Temperature,CURRENT,°C,8.620205078124997
2026-04-25T00:40:00+00:00,22411530-2,RH,CURRENT,%,49.52925917448692
2026-04-25T00:40:00+00:00,22411530-3,Dew Point,CURRENT,°C,-1.3361562571771262
2026-04-25T00:41:00+00:00,22411541-S,Battery,CURRENT,V,8.538774169921876
2026-04-25T00:45:00+00:00,22411189-1,Temperature,CURRENT,°C,8.427153320312499
2026-04-25T00:45:00+00:00,22411189-2,RH,CURRENT,%,51.5556572823682
2026-04-25T00:45:00+00:00,22411189-3,Dew Point,CURRENT,°C,-0.9680416704543341
2026-04-25T00:45:00+00:00,22411190-1,Temperature,CURRENT,°C,8.491503906249996
2026-04-25T00:45:00+00:00,22411190-2,RH,CURRENT,%,50.298313878080414
2026-04-25T00:45:00+00:00,22411190-3,Dew Point,CURRENT,°C,-1.24517852886365
2026-04-25T00:45:00+00:00,22411191-1,Temperature,CURRENT,°C,8.620205078124997
2026-04-25T00:45:00+00:00,22411191-2,RH,CURRENT,%,49.56130312046998
2026-04-25T00:45:00+00:00,22411191-3,Dew Point,CURRENT,°C,-1.327353906793739
2026-04-25T00:45:00+00:00,22411525-1,Temperature,CURRENT,°C,8.620205078124997
2026-04-25T00:45:00+00:00,22411525-2,RH,CURRENT,%,49.00129701686122
2026-04-25T00:45:00+00:00,22411525-3,Dew Point,CURRENT,°C,-1.4819157612351095
2026-04-25T00:45:00+00:00,22411526-1,Temperature,CURRENT,°C,8.341352539062498
2026-04-25T00:45:00+00:00,22411526-2,RH,CURRENT,%,52.175173571374074
2026-04-25T00:45:00+00:00,22411526-3,Dew Point,CURRENT,°C,-0.8844681692570713
2026-04-25T00:45:00+00:00,22411527-1,Temperature,CURRENT,°C,8.663105468749997
2026-04-25T00:45:00+00:00,22411527-2,RH,CURRENT,%,49.240863660639356
2026-04-25T00:45:00+00:00,22411527-3,Dew Point,CURRENT,°C,-1.3760691176481787
2026-04-25T00:45:00+00:00,22411528-1,Temperature,CURRENT,°C,8.234101562500001
2026-04-25T00:45:00+00:00,22411528-2,RH,CURRENT,%,53.59884031433585
2026-04-25T00:45:00+00:00,22411528-3,Dew Point,CURRENT,°C,-0.6159429010263534
2026-04-25T00:45:00+00:00,22411529-1,Temperature,CURRENT,°C,8.019599609375
2026-04-25T00:45:00+00:00,22411529-2,RH,CURRENT,%,58.33524071107042
2026-04-25T00:45:00+00:00,22411529-3,Dew Point,CURRENT,°C,0.34759811100188437
2026-04-25T00:45:00+00:00,22411530-1,Temperature,CURRENT,°C,8.5987548828125
2026-04-25T00:45:00+00:00,22411530-2,RH,CURRENT,%,49.747463187609675
2026-04-25T00:45:00+00:00,22411530-3,Dew Point,CURRENT,°C,-1.2961072805516505
2026-04-25T00:46:00+00:00,22411541-S,Battery,CURRENT,V,8.538774169921876
2026-04-25T00:50:00+00:00,22411189-1,Temperature,CURRENT,°C,8.234101562500001
2026-04-25T00:50:00+00:00,22411189-2,RH,CURRENT,%,53.21889066910811
2026-04-25T00:50:00+00:00,22411189-3,Dew Point,CURRENT,°C,-0.7133111831654866
2026-04-25T00:50:00+00:00,22411190-1,Temperature,CURRENT,°C,8.319902343750002
2026-04-25T00:50:00+00:00,22411190-2,RH,CURRENT,%,51.621271076523996
2026-04-25T00:50:00+00:00,22411190-3,Dew Point,CURRENT,°C,-1.0500644029753619
2026-04-25T00:50:00+00:00,22411191-1,Temperature,CURRENT,°C,8.448603515624995
2026-04-25T00:50:00+00:00,22411191-2,RH,CURRENT,%,50.76829175249866
2026-04-25T00:50:00+00:00,22411191-3,Dew Point,CURRENT,°C,-1.1581174552785103
2026-04-25T00:50:00+00:00,22411525-1,Temperature,CURRENT,°C,8.448603515624995
2026-04-25T00:50:00+00:00,22411525-2,RH,CURRENT,%,50.215915159838254
2026-04-25T00:50:00+00:00,22411525-3,Dew Point,CURRENT,°C,-1.307134254713115
2026-04-25T00:50:00+00:00,22411526-1,Temperature,CURRENT,°C,8.14830078125
2026-04-25T00:50:00+00:00,22411526-2,RH,CURRENT,%,53.676661326009004
2026-04-25T00:50:00+00:00,22411526-3,Dew Point,CURRENT,°C,-0.6759487126669953
2026-04-25T00:50:00+00:00,22411527-1,Temperature,CURRENT,°C,8.491503906249996
2026-04-25T00:50:00+00:00,22411527-2,RH,CURRENT,%,50.31509880216678
2026-04-25T00:50:00+00:00,22411527-3,Dew Point,CURRENT,°C,-1.2406341463729573
2026-04-25T00:50:00+00:00,22411528-1,Temperature,CURRENT,°C,7.998149414062496
2026-04-25T00:50:00+00:00,22411528-2,RH,CURRENT,%,55.23155565728237
2026-04-25T00:50:00+00:00,22411528-3,Dew Point,CURRENT,°C,-0.4247424196272617
2026-04-25T00:50:00+00:00,22411529-1,Temperature,CURRENT,°C,7.697846679687501
2026-04-25T00:50:00+00:00,22411529-2,RH,CURRENT,%,60.38757915617609
2026-04-25T00:50:00+00:00,22411529-3,Dew Point,CURRENT,°C,0.5221914203128081
2026-04-25T00:50:00+00:00,22411530-1,Temperature,CURRENT,°C,8.405703124999995
2026-04-25T00:50:00+00:00,22411530-2,RH,CURRENT,%,51.01548790722515
2026-04-25T00:50:00+00:00,22411530-3,Dew Point,CURRENT,°C,-1.1315947329031786
2026-04-25T00:51:00+00:00,22411541-S,Battery,CURRENT,V,8.532312744140626
2026-04-25T00:55:00+00:00,22411189-1,Temperature,CURRENT,°C,7.869448242187495
2026-04-25T00:55:00+00:00,22411189-2,RH,CURRENT,%,57.18318455786984
2026-04-25T00:55:00+00:00,22411189-3,Dew Point,CURRENT,°C,-0.06823970151838477
2026-04-25T00:55:00+00:00,22411190-1,Temperature,CURRENT,°C,8.041049804687496
2026-04-25T00:55:00+00:00,22411190-2,RH,CURRENT,%,54.81651026169222
2026-04-25T00:55:00+00:00,22411190-3,Dew Point,CURRENT,°C,-0.4881107358995868
2026-04-25T00:55:00+00:00,22411191-1,Temperature,CURRENT,°C,8.212651367187497
2026-04-25T00:55:00+00:00,22411191-2,RH,CURRENT,%,53.01747158007172
2026-04-25T00:55:00+00:00,22411191-3,Dew Point,CURRENT,°C,-0.7851174266303527
2026-04-25T00:55:00+00:00,22411525-1,Temperature,CURRENT,°C,8.255551757812498
2026-04-25T00:55:00+00:00,22411525-2,RH,CURRENT,%,51.80437933928435
2026-04-25T00:55:00+00:00,22411525-3,Dew Point,CURRENT,°C,-1.0614070489697514
2026-04-25T00:55:00+00:00,22411526-1,Temperature,CURRENT,°C,7.697846679687501
2026-04-25T00:55:00+00:00,22411526-2,RH,CURRENT,%,58.07431143663691
2026-04-25T00:55:00+00:00,22411526-3,Dew Point,CURRENT,°C,-0.01656227629576443
2026-04-25T00:55:00+00:00,22411527-1,Temperature,CURRENT,°C,8.298452148437498
2026-04-25T00:55:00+00:00,22411527-2,RH,CURRENT,%,51.31914244296941
2026-04-25T00:55:00+00:00,22411527-3,Dew Point,CURRENT,°C,-1.1499822162670208
2026-04-25T00:55:00+00:00,22411528-1,Temperature,CURRENT,°C,7.5262451171875
2026-04-25T00:55:00+00:00,22411528-2,RH,CURRENT,%,60.694285496299685
2026-04-25T00:55:00+00:00,22411528-3,Dew Point,CURRENT,°C,0.43018676939283707
2026-04-25T00:55:00+00:00,22411529-1,Temperature,CURRENT,°C,7.183041992187498
2026-04-25T00:55:00+00:00,22411529-2,RH,CURRENT,%,66.34317540245671
2026-04-25T00:55:00+00:00,22411529-3,Dew Point,CURRENT,°C,1.3383419946531891
2026-04-25T00:55:00+00:00,22411530-1,Temperature,CURRENT,°C,8.126850585937497
2026-04-25T00:55:00+00:00,22411530-2,RH,CURRENT,%,53.670557717250325
2026-04-25T00:55:00+00:00,22411530-3,Dew Point,CURRENT,°C,-0.6974733717263112
2026-04-25T00:56:00+00:00,22411541-S,Battery,CURRENT,V,8.532312744140626
2026-04-25T01:00:00+00:00,22411189-1,Temperature,CURRENT,°C,7.762197265624998
2026-04-25T01:00:00+00:00,22411189-2,RH,CURRENT,%,53.882658121614405
2026-04-25T01:00:00+00:00,22411189-3,Dew Point,CURRENT,°C,-0.983130111636342
2026-04-25T01:00:00+00:00,22411190-1,Temperature,CURRENT,°C,7.9123486328124955
2026-04-25T01:00:00+00:00,22411190-2,RH,CURRENT,%,51.798275730525674
2026-04-25T01:00:00+00:00,22411190-3,Dew Point,CURRENT,°C,-1.3812078921768522
2026-04-25T01:00:00+00:00,22411191-1,Temperature,CURRENT,°C,8.191201171875
2026-04-25T01:00:00+00:00,22411191-2,RH,CURRENT,%,50.51194018463416
2026-04-25T01:00:00+00:00,22411191-3,Dew Point,CURRENT,°C,-1.465032351402044
2026-04-25T01:00:00+00:00,22411525-1,Temperature,CURRENT,°C,8.234101562500001
2026-04-25T01:00:00+00:00,22411525-2,RH,CURRENT,%,49.97787441824979
2026-04-25T01:00:00+00:00,22411525-3,Dew Point,CURRENT,°C,-1.5698362427854442
2026-04-25T01:00:00+00:00,22411526-1,Temperature,CURRENT,°C,7.5262451171875
2026-04-25T01:00:00+00:00,22411526-2,RH,CURRENT,%,55.78545815213245
2026-04-25T01:00:00+00:00,22411526-3,Dew Point,CURRENT,°C,-0.7291263709644538
2026-04-25T01:00:00+00:00,22411527-1,Temperature,CURRENT,°C,8.277001953125001
2026-04-25T01:00:00+00:00,22411527-2,RH,CURRENT,%,49.86343175402457
2026-04-25T01:00:00+00:00,22411527-3,Dew Point,CURRENT,°C,-1.5613718077206815
2026-04-25T01:00:00+00:00,22411528-1,Temperature,CURRENT,°C,7.290292968749995
2026-04-25T01:00:00+00:00,22411528-2,RH,CURRENT,%,59.50713359273671
2026-04-25T01:00:00+00:00,22411528-3,Dew Point,CURRENT,°C,-0.0646991740462087
2026-04-25T01:00:00+00:00,22411529-1,Temperature,CURRENT,°C,6.754038085937495
2026-04-25T01:00:00+00:00,22411529-2,RH,CURRENT,%,68.03540093080034
2026-04-25T01:00:00+00:00,22411529-3,Dew Point,CURRENT,°C,1.2788195835918148
2026-04-25T01:00:00+00:00,22411530-1,Temperature,CURRENT,°C,8.105400390625
2026-04-25T01:00:00+00:00,22411530-2,RH,CURRENT,%,50.89799343862058
2026-04-25T01:00:00+00:00,22411530-3,Dew Point,CURRENT,°C,-1.440867699948515
2026-04-25T01:01:00+00:00,22411541-S,Battery,CURRENT,V,8.52908203125
2026-04-25T01:05:00+00:00,22411189-1,Temperature,CURRENT,°C,7.783647460937502
2026-04-25T01:05:00+00:00,22411189-2,RH,CURRENT,%,54.86228732738231
2026-04-25T01:05:00+00:00,22411189-3,Dew Point,CURRENT,°C,-0.7169129468935542
2026-04-25T01:05:00+00:00,22411190-1,Temperature,CURRENT,°C,7.933798828124999
2026-04-25T01:05:00+00:00,22411190-2,RH,CURRENT,%,52.40253299763485
2026-04-25T01:05:00+00:00,22411190-3,Dew Point,CURRENT,°C,-1.2034052948236575
2026-04-25T01:05:00+00:00,22411191-1,Temperature,CURRENT,°C,8.191201171875
2026-04-25T01:05:00+00:00,22411191-2,RH,CURRENT,%,51.22606240939956
2026-04-25T01:05:00+00:00,22411191-3,Dew Point,CURRENT,°C,-1.2740283268922352
2026-04-25T01:05:00+00:00,22411525-1,Temperature,CURRENT,°C,8.234101562500001
2026-04-25T01:05:00+00:00,22411525-2,RH,CURRENT,%,50.53177691309987
2026-04-25T01:05:00+00:00,22411525-3,Dew Point,CURRENT,°C,-1.4200351452672126
2026-04-25T01:05:00+00:00,22411526-1,Temperature,CURRENT,°C,7.4833447265625
2026-04-25T01:05:00+00:00,22411526-2,RH,CURRENT,%,56.74677653162432
2026-04-25T01:05:00+00:00,22411526-3,Dew Point,CURRENT,°C,-0.5353766291476697
2026-04-25T01:05:00+00:00,22411527-1,Temperature,CURRENT,°C,8.277001953125001
2026-04-25T01:05:00+00:00,22411527-2,RH,CURRENT,%,50.548561837186234
2026-04-25T01:05:00+00:00,22411527-3,Dew Point,CURRENT,°C,-1.3758581062554192
2026-04-25T01:05:00+00:00,22411528-1,Temperature,CURRENT,°C,7.118691406250001
2026-04-25T01:05:00+00:00,22411528-2,RH,CURRENT,%,61.022354467078664
2026-04-25T01:05:00+00:00,22411528-3,Dew Point,CURRENT,°C,0.11951462054278424
2026-04-25T01:05:00+00:00,22411529-1,Temperature,CURRENT,°C,6.432285156249996
2026-04-25T01:05:00+00:00,22411529-2,RH,CURRENT,%,70.12893873502709
2026-04-25T01:05:00+00:00,22411529-3,Dew Point,CURRENT,°C,1.3921297255035938
2026-04-25T01:05:00+00:00,22411530-1,Temperature,CURRENT,°C,8.126850585937497
2026-04-25T01:05:00+00:00,22411530-2,RH,CURRENT,%,51.374074921797515
2026-04-25T01:05:00+00:00,22411530-3,Dew Point,CURRENT,°C,-1.294338300287363
2026-04-25T01:06:00+00:00,22411541-S,Battery,CURRENT,V,8.532312744140626
2026-04-25T01:10:00+00:00,22411189-1,Temperature,CURRENT,°C,7.847998046874999
2026-04-25T01:10:00+00:00,22411189-2,RH,CURRENT,%,55.15068284122988
2026-04-25T01:10:00+00:00,22411189-3,Dew Point,CURRENT,°C,-0.5850642846449883
2026-04-25T01:10:00+00:00,22411190-1,Temperature,CURRENT,°C,7.976699218749999
2026-04-25T01:10:00+00:00,22411190-2,RH,CURRENT,%,52.466620889600975
2026-04-25T01:10:00+00:00,22411190-3,Dew Point,CURRENT,°C,-1.146916853402946
2026-04-25T01:10:00+00:00,22411191-1,Temperature,CURRENT,°C,8.277001953125001
2026-04-25T01:10:00+00:00,22411191-2,RH,CURRENT,%,50.504310673685815
2026-04-25T01:10:00+00:00,22411191-3,Dew Point,CURRENT,°C,-1.3877726391276872
2026-04-25T01:10:00+00:00,22411525-1,Temperature,CURRENT,°C,8.277001953125001
2026-04-25T01:10:00+00:00,22411525-2,RH,CURRENT,%,49.994659342336156
2026-04-25T01:10:00+00:00,22411525-3,Dew Point,CURRENT,°C,-1.525665203287195
2026-04-25T01:10:00+00:00,22411526-1,Temperature,CURRENT,°C,7.590595703124997
2026-04-25T01:10:00+00:00,22411526-2,RH,CURRENT,%,57.73250934615091
2026-04-25T01:10:00+00:00,22411526-3,Dew Point,CURRENT,°C,-0.19847143647706697
2026-04-25T01:10:00+00:00,22411527-1,Temperature,CURRENT,°C,8.341352539062498
2026-04-25T01:10:00+00:00,22411527-2,RH,CURRENT,%,49.96414129854276
2026-04-25T01:10:00+00:00,22411527-3,Dew Point,CURRENT,°C,-1.4745517555997198
2026-04-25T01:10:00+00:00,22411528-1,Temperature,CURRENT,°C,7.183041992187498
2026-04-25T01:10:00+00:00,22411528-2,RH,CURRENT,%,61.985198748760205
2026-04-25T01:10:00+00:00,22411528-3,Dew Point,CURRENT,°C,0.39633052835887084
2026-04-25T01:10:00+00:00,22411529-1,Temperature,CURRENT,°C,6.346484374999996
2026-04-25T01:10:00+00:00,22411529-2,RH,CURRENT,%,70.2189669642176
2026-04-25T01:10:00+00:00,22411529-3,Dew Point,CURRENT,°C,1.327560690853879
2026-04-25T01:10:00+00:00,22411530-1,Temperature,CURRENT,°C,8.191201171875
2026-04-25T01:10:00+00:00,22411530-2,RH,CURRENT,%,50.95597772182803
2026-04-25T01:10:00+00:00,22411530-3,Dew Point,CURRENT,°C,-1.3459883415363878
2026-04-25T01:11:00+00:00,22411541-S,Battery,CURRENT,V,8.519389892578126
2026-04-25T01:15:00+00:00,22411189-1,Temperature,CURRENT,°C,7.740747070312501
2026-04-25T01:15:00+00:00,22411189-2,RH,CURRENT,%,57.03517204547189
2026-04-25T01:15:00+00:00,22411189-3,Dew Point,CURRENT,°C,-0.2245525558244337
2026-04-25T01:15:00+00:00,22411190-1,Temperature,CURRENT,°C,7.9123486328124955
2026-04-25T01:15:00+00:00,22411190-2,RH,CURRENT,%,54.40451667048142
2026-04-25T01:15:00+00:00,22411190-3,Dew Point,CURRENT,°C,-0.7114804815210836
2026-04-25T01:15:00+00:00,22411191-1,Temperature,CURRENT,°C,8.126850585937497
2026-04-25T01:15:00+00:00,22411191-2,RH,CURRENT,%,52.385748073548484
2026-04-25T01:15:00+00:00,22411191-3,Dew Point,CURRENT,°C,-1.0285504117499638
2026-04-25T01:15:00+00:00,22411525-1,Temperature,CURRENT,°C,8.14830078125
2026-04-25T01:15:00+00:00,22411525-2,RH,CURRENT,%,51.60296025024796
2026-04-25T01:15:00+00:00,22411525-3,Dew Point,CURRENT,°C,-1.213924440069981
2026-04-25T01:15:00+00:00,22411526-1,Temperature,CURRENT,°C,7.4833447265625
2026-04-25T01:15:00+00:00,22411526-2,RH,CURRENT,%,58.684672312504766
2026-04-25T01:15:00+00:00,22411526-3,Dew Point,CURRENT,°C,-0.0743808763746349
2026-04-25T01:15:00+00:00,22411527-1,Temperature,CURRENT,°C,8.212651367187497
2026-04-25T01:15:00+00:00,22411527-2,RH,CURRENT,%,51.59380483710994
2026-04-25T01:15:00+00:00,22411527-3,Dew Point,CURRENT,°C,-1.1567093857354085
2026-04-25T01:15:00+00:00,22411528-1,Temperature,CURRENT,°C,7.097241210937497
2026-04-25T01:15:00+00:00,22411528-2,RH,CURRENT,%,62.694743266956586
2026-04-25T01:15:00+00:00,22411528-3,Dew Point,CURRENT,°C,0.472270767127882
2026-04-25T01:15:00+00:00,22411529-1,Temperature,CURRENT,°C,6.3035839843749955
2026-04-25T01:15:00+00:00,22411529-2,RH,CURRENT,%,71.80437933928435
2026-04-25T01:15:00+00:00,22411529-3,Dew Point,CURRENT,°C,1.597383851883493
2026-04-25T01:15:00+00:00,22411530-1,Temperature,CURRENT,°C,8.0625
2026-04-25T01:15:00+00:00,22411530-2,RH,CURRENT,%,52.800793469138625
2026-04-25T01:15:00+00:00,22411530-3,Dew Point,CURRENT,°C,-0.9806142204198043
2026-04-25T01:16:00+00:00,22411541-S,Battery,CURRENT,V,8.52908203125
2026-04-25T01:20:00+00:00,22411189-1,Temperature,CURRENT,°C,7.590595703124997
2026-04-25T01:20:00+00:00,22411189-2,RH,CURRENT,%,57.79049362935836
2026-04-25T01:20:00+00:00,22411189-3,Dew Point,CURRENT,°C,-0.1846769169093797
2026-04-25T01:20:00+00:00,22411190-1,Temperature,CURRENT,°C,7.740747070312501
2026-04-25T01:20:00+00:00,22411190-2,RH,CURRENT,%,55.49858854047456
2026-04-25T01:20:00+00:00,22411190-3,Dew Point,CURRENT,°C,-0.5991448508397651
2026-04-25T01:20:00+00:00,22411191-1,Temperature,CURRENT,°C,7.998149414062496
2026-04-25T01:20:00+00:00,22411191-2,RH,CURRENT,%,53.51949340047303
2026-04-25T01:20:00+00:00,22411191-3,Dew Point,CURRENT,°C,-0.8558084997332148
2026-04-25T01:20:00+00:00,22411525-1,Temperature,CURRENT,°C,8.041049804687496
2026-04-25T01:20:00+00:00,22411525-2,RH,CURRENT,%,52.504768444342716
2026-04-25T01:20:00+00:00,22411525-3,Dew Point,CURRENT,°C,-1.07725315693311
2026-04-25T01:20:00+00:00,22411526-1,Temperature,CURRENT,°C,7.354643554687499
2026-04-25T01:20:00+00:00,22411526-2,RH,CURRENT,%,59.02647440299077
2026-04-25T01:20:00+00:00,22411526-3,Dew Point,CURRENT,°C,-0.11563053599680116
2026-04-25T01:20:00+00:00,22411527-1,Temperature,CURRENT,°C,8.126850585937497
2026-04-25T01:20:00+00:00,22411527-2,RH,CURRENT,%,51.99511711299306
2026-04-25T01:20:00+00:00,22411527-3,Dew Point,CURRENT,°C,-1.1306346870649877
2026-04-25T01:20:00+00:00,22411528-1,Temperature,CURRENT,°C,6.989990234375
2026-04-25T01:20:00+00:00,22411528-2,RH,CURRENT,%,62.88090333409628
2026-04-25T01:20:00+00:00,22411528-3,Dew Point,CURRENT,°C,0.4115304351628973
2026-04-25T01:20:00+00:00,22411529-1,Temperature,CURRENT,°C,6.217783203124995
2026-04-25T01:20:00+00:00,22411529-2,RH,CURRENT,%,75.9288929579614
2026-04-25T01:20:00+00:00,22411529-3,Dew Point,CURRENT,°C,2.2958298298649473
2026-04-25T01:20:00+00:00,22411530-1,Temperature,CURRENT,°C,7.890898437499999
2026-04-25T01:20:00+00:00,22411530-2,RH,CURRENT,%,54.345006485084305
2026-04-25T01:20:00+00:00,22411530-3,Dew Point,CURRENT,°C,-0.7464516766988935
2026-04-25T01:21:00+00:00,22411541-S,Battery,CURRENT,V,8.519389892578126
2026-04-25T01:25:00+00:00,22411189-1,Temperature,CURRENT,°C,7.4833447265625
2026-04-25T01:25:00+00:00,22411189-2,RH,CURRENT,%,58.50461585412375
2026-04-25T01:25:00+00:00,22411189-3,Dew Point,CURRENT,°C,-0.11664161519984417
2026-04-25T01:25:00+00:00,22411190-1,Temperature,CURRENT,°C,7.676396484374997
2026-04-25T01:25:00+00:00,22411190-2,RH,CURRENT,%,56.65064469367513
2026-04-25T01:25:00+00:00,22411190-3,Dew Point,CURRENT,°C,-0.3777361930538405
2026-04-25T01:25:00+00:00,22411191-1,Temperature,CURRENT,°C,8.019599609375
2026-04-25T01:25:00+00:00,22411191-2,RH,CURRENT,%,54.74784466315709
2026-04-25T01:25:00+00:00,22411191-3,Dew Point,CURRENT,°C,-0.5253054398209777
2026-04-25T01:25:00+00:00,22411525-1,Temperature,CURRENT,°C,8.0625
2026-04-25T01:25:00+00:00,22411525-2,RH,CURRENT,%,52.77027542534523
2026-04-25T01:25:00+00:00,22411525-3,Dew Point,CURRENT,°C,-0.988505939819941
2026-04-25T01:25:00+00:00,22411526-1,Temperature,CURRENT,°C,7.183041992187498
2026-04-25T01:25:00+00:00,22411526-2,RH,CURRENT,%,59.24315251392386
2026-04-25T01:25:00+00:00,22411526-3,Dew Point,CURRENT,°C,-0.22685668738549666
2026-04-25T01:25:00+00:00,22411527-1,Temperature,CURRENT,°C,8.14830078125
2026-04-25T01:25:00+00:00,22411527-2,RH,CURRENT,%,52.16449225604639
2026-04-25T01:25:00+00:00,22411527-3,Dew Point,CURRENT,°C,-1.0663856258356266
2026-04-25T01:25:00+00:00,22411528-1,Temperature,CURRENT,°C,6.8398388671874955
2026-04-25T01:25:00+00:00,22411528-2,RH,CURRENT,%,63.45769436179141
2026-04-25T01:25:00+00:00,22411528-3,Dew Point,CURRENT,°C,0.39514836786526986
2026-04-25T01:25:00+00:00,22411529-1,Temperature,CURRENT,°C,6.131982421875001
2026-04-25T01:25:00+00:00,22411529-2,RH,CURRENT,%,73.53475242236972
2026-04-25T01:25:00+00:00,22411529-3,Dew Point,CURRENT,°C,1.7642503507151235
2026-04-25T01:25:00+00:00,22411530-1,Temperature,CURRENT,°C,7.9123486328124955
2026-04-25T01:25:00+00:00,22411530-2,RH,CURRENT,%,55.172045471885255
2026-04-25T01:25:00+00:00,22411530-3,Dew Point,CURRENT,°C,-0.5196592001250517
2026-04-25T01:26:00+00:00,22411541-S,Battery,CURRENT,V,8.52908203125
2026-04-25T01:30:00+00:00,22411189-1,Temperature,CURRENT,°C,7.612045898437501
2026-04-25T01:30:00+00:00,22411189-2,RH,CURRENT,%,56.22949568932631
2026-04-25T01:30:00+00:00,22411189-3,Dew Point,CURRENT,°C,-0.5403061525676357
2026-04-25T01:30:00+00:00,22411190-1,Temperature,CURRENT,°C,7.762197265624998
2026-04-25T01:30:00+00:00,22411190-2,RH,CURRENT,%,53.73006790264744
2026-04-25T01:30:00+00:00,22411190-3,Dew Point,CURRENT,°C,-1.0218342529350986
2026-04-25T01:30:00+00:00,22411191-1,Temperature,CURRENT,°C,8.083950195312497
2026-04-25T01:30:00+00:00,22411191-2,RH,CURRENT,%,51.99664301518273
2026-04-25T01:30:00+00:00,22411191-3,Dew Point,CURRENT,°C,-1.1700260566571052
2026-04-25T01:30:00+00:00,22411525-1,Temperature,CURRENT,°C,8.105400390625
2026-04-25T01:30:00+00:00,22411525-2,RH,CURRENT,%,51.200122072175176
2026-04-25T01:30:00+00:00,22411525-3,Dew Point,CURRENT,°C,-1.3603655887705086
2026-04-25T01:30:00+00:00,22411526-1,Temperature,CURRENT,°C,7.290292968749995
2026-04-25T01:30:00+00:00,22411526-2,RH,CURRENT,%,58.565651941710534
2026-04-25T01:30:00+00:00,22411526-3,Dew Point,CURRENT,°C,-0.2838782520239718
2026-04-25T01:30:00+00:00,22411527-1,Temperature,CURRENT,°C,8.169750976562497
2026-04-25T01:30:00+00:00,22411527-2,RH,CURRENT,%,51.19859616998551
2026-04-25T01:30:00+00:00,22411527-3,Dew Point,CURRENT,°C,-1.301190781209062
2026-04-25T01:30:00+00:00,22411528-1,Temperature,CURRENT,°C,6.925639648437496
2026-04-25T01:30:00+00:00,22411528-2,RH,CURRENT,%,62.8397039749752
2026-04-25T01:30:00+00:00,22411528-3,Dew Point,CURRENT,°C,0.34145143188947996
2026-04-25T01:30:00+00:00,22411529-1,Temperature,CURRENT,°C,6.239233398437499
2026-04-25T01:30:00+00:00,22411529-2,RH,CURRENT,%,73.4248874647135
2026-04-25T01:30:00+00:00,22411529-3,Dew Point,CURRENT,°C,1.8469520932274632
2026-04-25T01:30:00+00:00,22411530-1,Temperature,CURRENT,°C,7.998149414062496
2026-04-25T01:30:00+00:00,22411530-2,RH,CURRENT,%,52.376592660410466
2026-04-25T01:30:00+00:00,22411530-3,Dew Point,CURRENT,°C,-1.1504114431317152
2026-04-25T01:31:00+00:00,22411541-S,Battery,CURRENT,V,8.512928466796875
2026-04-25T01:35:00+00:00,22411189-1,Temperature,CURRENT,°C,7.654946289062501
2026-04-25T01:35:00+00:00,22411189-2,RH,CURRENT,%,57.19691767757687
2026-04-25T01:35:00+00:00,22411189-3,Dew Point,CURRENT,°C,-0.2661157533681333
2026-04-25T01:35:00+00:00,22411190-1,Temperature,CURRENT,°C,7.783647460937502
2026-04-25T01:35:00+00:00,22411190-2,RH,CURRENT,%,54.677653162432286
2026-04-25T01:35:00+00:00,22411190-3,Dew Point,CURRENT,°C,-0.7630231303839553
2026-04-25T01:35:00+00:00,22411191-1,Temperature,CURRENT,°C,8.0625
2026-04-25T01:35:00+00:00,22411191-2,RH,CURRENT,%,52.292668039978636
2026-04-25T01:35:00+00:00,22411191-3,Dew Point,CURRENT,°C,-1.1125403560601423
2026-04-25T01:35:00+00:00,22411525-1,Temperature,CURRENT,°C,8.105400390625
2026-04-25T01:35:00+00:00,22411525-2,RH,CURRENT,%,51.34660868238346
2026-04-25T01:35:00+00:00,22411525-3,Dew Point,CURRENT,°C,-1.3214854647428487
2026-04-25T01:35:00+00:00,22411526-1,Temperature,CURRENT,°C,7.354643554687499
2026-04-25T01:35:00+00:00,22411526-2,RH,CURRENT,%,59.65362020294499
2026-04-25T01:35:00+00:00,22411526-3,Dew Point,CURRENT,°C,0.029782322768319002
2026-04-25T01:35:00+00:00,22411527-1,Temperature,CURRENT,°C,8.169750976562497
2026-04-25T01:35:00+00:00,22411527-2,RH,CURRENT,%,51.0933089188983
2026-04-25T01:35:00+00:00,22411527-3,Dew Point,CURRENT,°C,-1.3292115753558493
2026-04-25T01:35:00+00:00,22411528-1,Temperature,CURRENT,°C,6.968540039062496
2026-04-25T01:35:00+00:00,22411528-2,RH,CURRENT,%,64.84626535439078
2026-04-25T01:35:00+00:00,22411528-3,Dew Point,CURRENT,°C,0.8169445553012178
2026-04-25T01:35:00+00:00,22411529-1,Temperature,CURRENT,°C,6.239233398437499
2026-04-25T01:35:00+00:00,22411529-2,RH,CURRENT,%,76.59266041046769
2026-04-25T01:35:00+00:00,22411529-3,Dew Point,CURRENT,°C,2.438835645981637
2026-04-25T01:35:00+00:00,22411530-1,Temperature,CURRENT,°C,7.998149414062496
2026-04-25T01:35:00+00:00,22411530-2,RH,CURRENT,%,53.171587701228354
2026-04-25T01:35:00+00:00,22411530-3,Dew Point,CURRENT,°C,-0.9448933261589992
2026-04-25T01:36:00+00:00,22411541-S,Battery,CURRENT,V,8.503236328125
2026-04-25T01:40:00+00:00,22411189-1,Temperature,CURRENT,°C,7.5691455078125
2026-04-25T01:40:00+00:00,22411189-2,RH,CURRENT,%,57.10383764400702
2026-04-25T01:40:00+00:00,22411189-3,Dew Point,CURRENT,°C,-0.3689399819020445
2026-04-25T01:40:00+00:00,22411190-1,Temperature,CURRENT,°C,7.719296874999998
2026-04-25T01:40:00+00:00,22411190-2,RH,CURRENT,%,54.86991683833066
2026-04-25T01:40:00+00:00,22411190-3,Dew Point,CURRENT,°C,-0.7750754340359178
2026-04-25T01:40:00+00:00,22411191-1,Temperature,CURRENT,°C,8.041049804687496
2026-04-25T01:40:00+00:00,22411191-2,RH,CURRENT,%,52.94880598153658
2026-04-25T01:40:00+00:00,22411191-3,Dew Point,CURRENT,°C,-0.9623342523849567
2026-04-25T01:40:00+00:00,22411525-1,Temperature,CURRENT,°C,8.083950195312497
2026-04-25T01:40:00+00:00,22411525-2,RH,CURRENT,%,51.72961013199054
2026-04-25T01:40:00+00:00,22411525-3,Dew Point,CURRENT,°C,-1.2401759859828607
2026-04-25T01:40:00+00:00,22411526-1,Temperature,CURRENT,°C,7.268842773437498
2026-04-25T01:40:00+00:00,22411526-2,RH,CURRENT,%,58.65568017090104
2026-04-25T01:40:00+00:00,22411526-3,Dew Point,CURRENT,°C,-0.2829644317115721
2026-04-25T01:40:00+00:00,22411527-1,Temperature,CURRENT,°C,8.14830078125
2026-04-25T01:40:00+00:00,22411527-2,RH,CURRENT,%,51.49156939040208
2026-04-25T01:40:00+00:00,22411527-3,Dew Point,CURRENT,°C,-1.2433603773816801
2026-04-25T01:40:00+00:00,22411528-1,Temperature,CURRENT,°C,6.904189453124999
2026-04-25T01:40:00+00:00,22411528-2,RH,CURRENT,%,61.99740596627756
2026-04-25T01:40:00+00:00,22411528-3,Dew Point,CURRENT,°C,0.13501730768402465
2026-04-25T01:40:00+00:00,22411529-1,Temperature,CURRENT,°C,6.260683593749995
2026-04-25T01:40:00+00:00,22411529-2,RH,CURRENT,%,75.91515983825437
2026-04-25T01:40:00+00:00,22411529-3,Dew Point,CURRENT,°C,2.3348875721217217
2026-04-25T01:40:00+00:00,22411530-1,Temperature,CURRENT,°C,7.933798828124999
2026-04-25T01:40:00+00:00,22411530-2,RH,CURRENT,%,53.424887464713514
2026-04-25T01:40:00+00:00,22411530-3,Dew Point,CURRENT,°C,-0.9398589731188585
2026-04-25T01:41:00+00:00,22411541-S,Battery,CURRENT,V,8.512928466796875
2026-04-25T01:45:00+00:00,22411189-1,Temperature,CURRENT,°C,7.3760937499999955
2026-04-25T01:45:00+00:00,22411189-2,RH,CURRENT,%,58.474097810330356
2026-04-25T01:45:00+00:00,22411189-3,Dew Point,CURRENT,°C,-0.22467158881490226
2026-04-25T01:45:00+00:00,22411190-1,Temperature,CURRENT,°C,7.5691455078125
2026-04-25T01:45:00+00:00,22411190-2,RH,CURRENT,%,55.94110017547875
2026-04-25T01:45:00+00:00,22411190-3,Dew Point,CURRENT,°C,-0.6508727022647578
2026-04-25T01:45:00+00:00,22411191-1,Temperature,CURRENT,°C,7.869448242187495
2026-04-25T01:45:00+00:00,22411191-2,RH,CURRENT,%,53.97878995956359
2026-04-25T01:45:00+00:00,22411191-3,Dew Point,CURRENT,°C,-0.8588789084422809
2026-04-25T01:45:00+00:00,22411525-1,Temperature,CURRENT,°C,7.933798828124999
2026-04-25T01:45:00+00:00,22411525-2,RH,CURRENT,%,52.91065842679484
2026-04-25T01:45:00+00:00,22411525-3,Dew Point,CURRENT,°C,-1.0718557064601466
2026-04-25T01:45:00+00:00,22411526-1,Temperature,CURRENT,°C,7.097241210937497
2026-04-25T01:45:00+00:00,22411526-2,RH,CURRENT,%,59.850461585412376
2026-04-25T01:45:00+00:00,22411526-3,Dew Point,CURRENT,°C,-0.16757465119886228
2026-04-25T01:45:00+00:00,22411527-1,Temperature,CURRENT,°C,8.019599609375
2026-04-25T01:45:00+00:00,22411527-2,RH,CURRENT,%,52.468146791790645
2026-04-25T01:45:00+00:00,22411527-3,Dew Point,CURRENT,°C,-1.1066862379930003
2026-04-25T01:45:00+00:00,22411528-1,Temperature,CURRENT,°C,6.8398388671874955
2026-04-25T01:45:00+00:00,22411528-2,RH,CURRENT,%,63.608758678568705
2026-04-25T01:45:00+00:00,22411528-3,Dew Point,CURRENT,°C,0.42798804319048184
2026-04-25T01:45:00+00:00,22411529-1,Temperature,CURRENT,°C,6.346484374999996
2026-04-25T01:45:00+00:00,22411529-2,RH,CURRENT,%,79.85198748760205
2026-04-25T01:45:00+00:00,22411529-3,Dew Point,CURRENT,°C,3.130284284330188
2026-04-25T01:45:00+00:00,22411530-1,Temperature,CURRENT,°C,7.762197265624998
2026-04-25T01:45:00+00:00,22411530-2,RH,CURRENT,%,54.64560921644922
2026-04-25T01:45:00+00:00,22411530-3,Dew Point,CURRENT,°C,-0.7910517964964985
2026-04-25T01:46:00+00:00,22411541-S,Battery,CURRENT,V,8.503236328125
2026-04-25T01:50:00+00:00,22411189-1,Temperature,CURRENT,°C,7.354643554687499
2026-04-25T01:50:00+00:00,22411189-2,RH,CURRENT,%,61.01014724956131
2026-04-25T01:50:00+00:00,22411189-3,Dew Point,CURRENT,°C,0.3397451551817878
2026-04-25T01:50:00+00:00,22411190-1,Temperature,CURRENT,°C,7.461894531249996
2026-04-25T01:50:00+00:00,22411190-2,RH,CURRENT,%,57.94155794613565
2026-04-25T01:50:00+00:00,22411190-3,Dew Point,CURRENT,°C,-0.2696917973725505
2026-04-25T01:50:00+00:00,22411191-1,Temperature,CURRENT,°C,7.783647460937502
2026-04-25T01:50:00+00:00,22411191-2,RH,CURRENT,%,54.18478675516899
2026-04-25T01:50:00+00:00,22411191-3,Dew Point,CURRENT,°C,-0.8867886216528035
2026-04-25T01:50:00+00:00,22411525-1,Temperature,CURRENT,°C,7.869448242187495
2026-04-25T01:50:00+00:00,22411525-2,RH,CURRENT,%,52.65583276112001
2026-04-25T01:50:00+00:00,22411525-3,Dew Point,CURRENT,°C,-1.1974652434249655
2026-04-25T01:50:00+00:00,22411526-1,Temperature,CURRENT,°C,7.204492187500001
2026-04-25T01:50:00+00:00,22411526-2,RH,CURRENT,%,62.55741206988632
2026-04-25T01:50:00+00:00,22411526-3,Dew Point,CURRENT,°C,0.543627012975152
2026-04-25T01:50:00+00:00,22411527-1,Temperature,CURRENT,°C,7.976699218749999
2026-04-25T01:50:00+00:00,22411527-2,RH,CURRENT,%,52.56885633630884
2026-04-25T01:50:00+00:00,22411527-3,Dew Point,CURRENT,°C,-1.120378238841337
2026-04-25T01:50:00+00:00,22411528-1,Temperature,CURRENT,°C,7.032890625
2026-04-25T01:50:00+00:00,22411528-2,RH,CURRENT,%,70.66758220798047
2026-04-25T01:50:00+00:00,22411528-3,Dew Point,CURRENT,°C,2.076170988662394
2026-04-25T01:50:00+00:00,22411529-1,Temperature,CURRENT,°C,6.582436523437501
2026-04-25T01:50:00+00:00,22411529-2,RH,CURRENT,%,81.12153810940718
2026-04-25T01:50:00+00:00,22411529-3,Dew Point,CURRENT,°C,3.5839072443552142
2026-04-25T01:50:00+00:00,22411530-1,Temperature,CURRENT,°C,7.612045898437501
2026-04-25T01:50:00+00:00,22411530-2,RH,CURRENT,%,55.82360570687419
2026-04-25T01:50:00+00:00,22411530-3,Dew Point,CURRENT,°C,-0.6395247447638234
2026-04-25T01:51:00+00:00,22411541-S,Battery,CURRENT,V,8.503236328125
2026-04-25T01:55:00+00:00,22411189-1,Temperature,CURRENT,°C,7.612045898437501
2026-04-25T01:55:00+00:00,22411189-2,RH,CURRENT,%,56.91157396810864
2026-04-25T01:55:00+00:00,22411189-3,Dew Point,CURRENT,°C,-0.3749919130328462
2026-04-25T01:55:00+00:00,22411190-1,Temperature,CURRENT,°C,7.612045898437501
2026-04-25T01:55:00+00:00,22411190-2,RH,CURRENT,%,54.60593575951781
2026-04-25T01:55:00+00:00,22411190-3,Dew Point,CURRENT,°C,-0.9410572540211848
2026-04-25T01:55:00+00:00,22411191-1,Temperature,CURRENT,°C,7.826547851562495
2026-04-25T01:55:00+00:00,22411191-2,RH,CURRENT,%,52.32928969253071
2026-04-25T01:55:00+00:00,22411191-3,Dew Point,CURRENT,°C,-1.3220189967770293
2026-04-25T01:55:00+00:00,22411525-1,Temperature,CURRENT,°C,7.890898437499999
2026-04-25T01:55:00+00:00,22411525-2,RH,CURRENT,%,51.31914244296941
2026-04-25T01:55:00+00:00,22411525-3,Dew Point,CURRENT,°C,-1.5274315748819132
2026-04-25T01:55:00+00:00,22411526-1,Temperature,CURRENT,°C,7.4833447265625
2026-04-25T01:55:00+00:00,22411526-2,RH,CURRENT,%,59.40794995040818
2026-04-25T01:55:00+00:00,22411526-3,Dew Point,CURRENT,°C,0.09423130854601468
2026-04-25T01:55:00+00:00,22411527-1,Temperature,CURRENT,°C,7.955249023437496
2026-04-25T01:55:00+00:00,22411527-2,RH,CURRENT,%,51.25810635538262
2026-04-25T01:55:00+00:00,22411527-3,Dew Point,CURRENT,°C,-1.4840078298644372
2026-04-25T01:55:00+00:00,22411528-1,Temperature,CURRENT,°C,7.247392578125002
2026-04-25T01:55:00+00:00,22411528-2,RH,CURRENT,%,67.08934157320516
2026-04-25T01:55:00+00:00,22411528-3,Dew Point,CURRENT,°C,1.5556089600233574
2026-04-25T01:55:00+00:00,22411529-1,Temperature,CURRENT,°C,6.732587890624998
2026-04-25T01:55:00+00:00,22411529-2,RH,CURRENT,%,79.6383611810483
2026-04-25T01:55:00+00:00,22411529-3,Dew Point,CURRENT,°C,3.4688951274398705
2026-04-25T01:55:00+00:00,22411530-1,Temperature,CURRENT,°C,7.762197265624998
2026-04-25T01:55:00+00:00,22411530-2,RH,CURRENT,%,53.38673990997177
2026-04-25T01:55:00+00:00,22411530-3,Dew Point,CURRENT,°C,-1.1092753639156558
2026-04-25T01:56:00+00:00,22411541-S,Battery,CURRENT,V,8.503236328125
2026-04-25T02:00:00+00:00,22411189-1,Temperature,CURRENT,°C,7.676396484374997
2026-04-25T02:00:00+00:00,22411189-2,RH,CURRENT,%,61.19325551232166
2026-04-25T02:00:00+00:00,22411189-3,Dew Point,CURRENT,°C,0.6852760324920897
2026-04-25T02:00:00+00:00,22411190-1,Temperature,CURRENT,°C,7.847998046874999
2026-04-25T02:00:00+00:00,22411190-2,RH,CURRENT,%,54.82566567483024
2026-04-25T02:00:00+00:00,22411190-3,Dew Point,CURRENT,°C,-0.6659896224880302
2026-04-25T02:00:00+00:00,22411191-1,Temperature,CURRENT,°C,8.0625
2026-04-25T02:00:00+00:00,22411191-2,RH,CURRENT,%,51.921873807888915
2026-04-25T02:00:00+00:00,22411191-3,Dew Point,CURRENT,°C,-1.2095284724542887
2026-04-25T02:00:00+00:00,22411525-1,Temperature,CURRENT,°C,8.083950195312497
2026-04-25T02:00:00+00:00,22411525-2,RH,CURRENT,%,51.10246433203632
2026-04-25T02:00:00+00:00,22411525-3,Dew Point,CURRENT,°C,-1.406196471091857
2026-04-25T02:00:00+00:00,22411526-1,Temperature,CURRENT,°C,7.418994140624996
2026-04-25T02:00:00+00:00,22411526-2,RH,CURRENT,%,66.59800106813154
2026-04-25T02:00:00+00:00,22411526-3,Dew Point,CURRENT,°C,1.6169818264999918
2026-04-25T02:00:00+00:00,22411527-1,Temperature,CURRENT,°C,8.126850585937497
2026-04-25T02:00:00+00:00,22411527-2,RH,CURRENT,%,51.01548790722515
2026-04-25T02:00:00+00:00,22411527-3,Dew Point,CURRENT,°C,-1.3896591539634542
2026-04-25T02:00:00+00:00,22411528-1,Temperature,CURRENT,°C,7.183041992187498
2026-04-25T02:00:00+00:00,22411528-2,RH,CURRENT,%,72.02258335240711
2026-04-25T02:00:00+00:00,22411528-3,Dew Point,CURRENT,°C,2.48713691178777
2026-04-25T02:00:00+00:00,22411529-1,Temperature,CURRENT,°C,6.861289062499999
2026-04-25T02:00:00+00:00,22411529-2,RH,CURRENT,%,79.73754482337682
2026-04-25T02:00:00+00:00,22411529-3,Dew Point,CURRENT,°C,3.6120303500828994
2026-04-25T02:00:00+00:00,22411530-1,Temperature,CURRENT,°C,8.019599609375
2026-04-25T02:00:00+00:00,22411530-2,RH,CURRENT,%,52.64057373922331
2026-04-25T02:00:00+00:00,22411530-3,Dew Point,CURRENT,°C,-1.0619395885362581
2026-04-25T02:01:00+00:00,22411541-S,Battery,CURRENT,V,8.49677490234375
2026-04-25T02:05:00+00:00,22411189-1,Temperature,CURRENT,°C,7.268842773437498
2026-04-25T02:05:00+00:00,22411189-2,RH,CURRENT,%,70.31662470435646
2026-04-25T02:05:00+00:00,22411189-3,Dew Point,CURRENT,°C,2.2331694440506786
2026-04-25T02:05:00+00:00,22411190-1,Temperature,CURRENT,°C,7.504794921874996
2026-04-25T02:05:00+00:00,22411190-2,RH,CURRENT,%,64.31067368581674
2026-04-25T02:05:00+00:00,22411190-3,Dew Point,CURRENT,°C,1.2119596195855522
2026-04-25T02:05:00+00:00,22411191-1,Temperature,CURRENT,°C,7.869448242187495
2026-04-25T02:05:00+00:00,22411191-2,RH,CURRENT,%,55.93652246890974
2026-04-25T02:05:00+00:00,22411191-3,Dew Point,CURRENT,°C,-0.3710634429253661
2026-04-25T02:05:00+00:00,22411525-1,Temperature,CURRENT,°C,7.955249023437496
2026-04-25T02:05:00+00:00,22411525-2,RH,CURRENT,%,54.224460212100404
2026-04-25T02:05:00+00:00,22411525-3,Dew Point,CURRENT,°C,-0.7168402301154365
2026-04-25T02:05:00+00:00,22411526-1,Temperature,CURRENT,°C,7.097241210937497
2026-04-25T02:05:00+00:00,22411526-2,RH,CURRENT,%,72.14770733196002
2026-04-25T02:05:00+00:00,22411526-3,Dew Point,CURRENT,°C,2.4288459975568086
2026-04-25T02:05:00+00:00,22411527-1,Temperature,CURRENT,°C,8.041049804687496
2026-04-25T02:05:00+00:00,22411527-2,RH,CURRENT,%,53.64919508659495
2026-04-25T02:05:00+00:00,22411527-3,Dew Point,CURRENT,°C,-0.7827917739846778
2026-04-25T02:05:00+00:00,22411528-1,Temperature,CURRENT,°C,6.989990234375
2026-04-25T02:05:00+00:00,22411528-2,RH,CURRENT,%,75.49401083390555
2026-04-25T02:05:00+00:00,22411528-3,Dew Point,CURRENT,°C,2.9634627324567147
2026-04-25T02:05:00+00:00,22411529-1,Temperature,CURRENT,°C,6.775488281249999
2026-04-25T02:05:00+00:00,22411529-2,RH,CURRENT,%,81.54116121156633
2026-04-25T02:05:00+00:00,22411529-3,Dew Point,CURRENT,°C,3.8458469138703095
2026-04-25T02:05:00+00:00,22411530-1,Temperature,CURRENT,°C,7.719296874999998
2026-04-25T02:05:00+00:00,22411530-2,RH,CURRENT,%,58.79911497672999
2026-04-25T02:05:00+00:00,22411530-3,Dew Point,CURRENT,°C,0.17443564055682245
2026-04-25T02:06:00+00:00,22411541-S,Battery,CURRENT,V,8.49677490234375
2026-04-25T02:10:00+00:00,22411189-1,Temperature,CURRENT,°C,7.4833447265625
2026-04-25T02:10:00+00:00,22411189-2,RH,CURRENT,%,59.95269703212024
2026-04-25T02:10:00+00:00,22411189-3,Dew Point,CURRENT,°C,0.22002989521375863
2026-04-25T02:10:00+00:00,22411190-1,Temperature,CURRENT,°C,7.654946289062501
2026-04-25T02:10:00+00:00,22411190-2,RH,CURRENT,%,55.02708476386664
2026-04-25T02:10:00+00:00,22411190-3,Dew Point,CURRENT,°C,-0.7960431294555078
2026-04-25T02:10:00+00:00,22411191-1,Temperature,CURRENT,°C,7.933798828124999
2026-04-25T02:10:00+00:00,22411191-2,RH,CURRENT,%,52.44831006332494
2026-04-25T02:10:00+00:00,22411191-3,Dew Point,CURRENT,°C,-1.1915078318834196
2026-04-25T02:10:00+00:00,22411525-1,Temperature,CURRENT,°C,7.976699218749999
2026-04-25T02:10:00+00:00,22411525-2,RH,CURRENT,%,51.7265583276112
2026-04-25T02:10:00+00:00,22411525-3,Dew Point,CURRENT,°C,-1.3404008208501645
2026-04-25T02:10:00+00:00,22411526-1,Temperature,CURRENT,°C,7.204492187500001
2026-04-25T02:10:00+00:00,22411526-2,RH,CURRENT,%,64.77759975585565
2026-04-25T02:10:00+00:00,22411526-3,Dew Point,CURRENT,°C,1.0268137931490566
2026-04-25T02:10:00+00:00,22411527-1,Temperature,CURRENT,°C,8.041049804687496
2026-04-25T02:10:00+00:00,22411527-2,RH,CURRENT,%,51.64263370717937
2026-04-25T02:10:00+00:00,22411527-3,Dew Point,CURRENT,°C,-1.3028546763660676
2026-04-25T02:10:00+00:00,22411528-1,Temperature,CURRENT,°C,6.968540039062496
2026-04-25T02:10:00+00:00,22411528-2,RH,CURRENT,%,72.66956588082704
2026-04-25T02:10:00+00:00,22411528-3,Dew Point,CURRENT,°C,2.40598667127865
2026-04-25T02:10:00+00:00,22411529-1,Temperature,CURRENT,°C,6.732587890624998
2026-04-25T02:10:00+00:00,22411529-2,RH,CURRENT,%,80.74158846417944
2026-04-25T02:10:00+00:00,22411529-3,Dew Point,CURRENT,°C,3.66397937369115
2026-04-25T02:10:00+00:00,22411530-1,Temperature,CURRENT,°C,7.826547851562495
2026-04-25T02:10:00+00:00,22411530-2,RH,CURRENT,%,53.07087815671016
2026-04-25T02:10:00+00:00,22411530-3,Dew Point,CURRENT,°C,-1.130328053709274
2026-04-25T02:11:00+00:00,22411541-S,Battery,CURRENT,V,8.500005615234375
2026-04-25T02:15:00+00:00,22411189-1,Temperature,CURRENT,°C,7.612045898437501
2026-04-25T02:15:00+00:00,22411189-2,RH,CURRENT,%,63.150988021667814
2026-04-25T02:15:00+00:00,22411189-3,Dew Point,CURRENT,°C,1.0609640700100798
2026-04-25T02:15:00+00:00,22411190-1,Temperature,CURRENT,°C,7.762197265624998
2026-04-25T02:15:00+00:00,22411190-2,RH,CURRENT,%,53.93759060044251
2026-04-25T02:15:00+00:00,22411190-3,Dew Point,CURRENT,°C,-0.9692203553416624
2026-04-25T02:15:00+00:00,22411191-1,Temperature,CURRENT,°C,8.019599609375
2026-04-25T02:15:00+00:00,22411191-2,RH,CURRENT,%,51.587701228351264
2026-04-25T02:15:00+00:00,22411191-3,Dew Point,CURRENT,°C,-1.3372200412681747
2026-04-25T02:15:00+00:00,22411525-1,Temperature,CURRENT,°C,8.041049804687496
2026-04-25T02:15:00+00:00,22411525-2,RH,CURRENT,%,50.82475013351644
2026-04-25T02:15:00+00:00,22411525-3,Dew Point,CURRENT,°C,-1.5199783232464994
2026-04-25T02:15:00+00:00,22411526-1,Temperature,CURRENT,°C,7.354643554687499
2026-04-25T02:15:00+00:00,22411526-2,RH,CURRENT,%,68.02777141985199
2026-04-25T02:15:00+00:00,22411526-3,Dew Point,CURRENT,°C,1.8521136798095403
2026-04-25T02:15:00+00:00,22411527-1,Temperature,CURRENT,°C,8.105400390625
2026-04-25T02:15:00+00:00,22411527-2,RH,CURRENT,%,50.60349431601434
2026-04-25T02:15:00+00:00,22411527-3,Dew Point,CURRENT,°C,-1.5197449363098112
2026-04-25T02:15:00+00:00,22411528-1,Temperature,CURRENT,°C,7.097241210937497
2026-04-25T02:15:00+00:00,22411528-2,RH,CURRENT,%,75.87548638132296
2026-04-25T02:15:00+00:00,22411528-3,Dew Point,CURRENT,°C,3.1385696551757305
2026-04-25T02:15:00+00:00,22411529-1,Temperature,CURRENT,°C,6.818388671874999
2026-04-25T02:15:00+00:00,22411529-2,RH,CURRENT,%,83.19371328297856
2026-04-25T02:15:00+00:00,22411529-3,Dew Point,CURRENT,°C,4.1733873880917365
2026-04-25T02:15:00+00:00,22411530-1,Temperature,CURRENT,°C,7.933798828124999
2026-04-25T02:15:00+00:00,22411530-2,RH,CURRENT,%,51.81658655680171
2026-04-25T02:15:00+00:00,22411530-3,Dew Point,CURRENT,°C,-1.3565106246865473
2026-04-25T02:16:00+00:00,22411541-S,Battery,CURRENT,V,8.49677490234375
2026-04-25T02:20:00+00:00,22411189-1,Temperature,CURRENT,°C,7.440444335937499
2026-04-25T02:20:00+00:00,22411189-2,RH,CURRENT,%,69.6253910124361
2026-04-25T02:20:00+00:00,22411189-3,Dew Point,CURRENT,°C,2.25939266726742
2026-04-25T02:20:00+00:00,22411190-1,Temperature,CURRENT,°C,7.654946289062501
2026-04-25T02:20:00+00:00,22411190-2,RH,CURRENT,%,59.45372701609827
2026-04-25T02:20:00+00:00,22411190-3,Dew Point,CURRENT,°C,0.2665161158813256
2026-04-25T02:20:00+00:00,22411191-1,Temperature,CURRENT,°C,7.955249023437496
2026-04-25T02:20:00+00:00,22411191-2,RH,CURRENT,%,52.90608072022583
2026-04-25T02:20:00+00:00,22411191-3,Dew Point,CURRENT,°C,-1.0530993336447165
2026-04-25T02:20:00+00:00,22411525-1,Temperature,CURRENT,°C,7.998149414062496
2026-04-25T02:20:00+00:00,22411525-2,RH,CURRENT,%,50.26016632333867
2026-04-25T02:20:00+00:00,22411525-3,Dew Point,CURRENT,°C,-1.7113068249338867
2026-04-25T02:20:00+00:00,22411526-1,Temperature,CURRENT,°C,7.204492187500001
2026-04-25T02:20:00+00:00,22411526-2,RH,CURRENT,%,74.70054169527734
2026-04-25T02:20:00+00:00,22411526-3,Dew Point,CURRENT,°C,3.0220409910684727
2026-04-25T02:20:00+00:00,22411527-1,Temperature,CURRENT,°C,8.0625
2026-04-25T02:20:00+00:00,22411527-2,RH,CURRENT,%,49.71694514381628
2026-04-25T02:20:00+00:00,22411527-3,Dew Point,CURRENT,°C,-1.7992577767447477
2026-04-25T02:20:00+00:00,22411528-1,Temperature,CURRENT,°C,6.989990234375
2026-04-25T02:20:00+00:00,22411528-2,RH,CURRENT,%,78.76707103074693
2026-04-25T02:20:00+00:00,22411528-3,Dew Point,CURRENT,°C,3.563767439194035
2026-04-25T02:20:00+00:00,22411529-1,Temperature,CURRENT,°C,6.668237304687501
2026-04-25T02:20:00+00:00,22411529-2,RH,CURRENT,%,85.56191348134584
2026-04-25T02:20:00+00:00,22411529-3,Dew Point,CURRENT,°C,4.426423371993836
2026-04-25T02:20:00+00:00,22411530-1,Temperature,CURRENT,°C,7.826547851562495
2026-04-25T02:20:00+00:00,22411530-2,RH,CURRENT,%,56.48584725719081
2026-04-25T02:20:00+00:00,22411530-3,Dew Point,CURRENT,°C,-0.2770769793644747
2026-04-25T02:21:00+00:00,22411541-S,Battery,CURRENT,V,8.493544189453125
2026-04-25T02:25:00+00:00,22411189-1,Temperature,CURRENT,°C,7.247392578125002
2026-04-25T02:25:00+00:00,22411189-2,RH,CURRENT,%,60.23956664377813
2026-04-25T02:25:00+00:00,22411189-3,Dew Point,CURRENT,°C,0.06321926923640299
2026-04-25T02:25:00+00:00,22411190-1,Temperature,CURRENT,°C,7.440444335937499
2026-04-25T02:25:00+00:00,22411190-2,RH,CURRENT,%,54.10696574349584
2026-04-25T02:25:00+00:00,22411190-3,Dew Point,CURRENT,°C,-1.2262634087282778
2026-04-25T02:25:00+00:00,22411191-1,Temperature,CURRENT,°C,7.998149414062496
2026-04-25T02:25:00+00:00,22411191-2,RH,CURRENT,%,49.417868314641034
2026-04-25T02:25:00+00:00,22411191-3,Dew Point,CURRENT,°C,-1.9403640369421729
2026-04-25T02:25:00+00:00,22411525-1,Temperature,CURRENT,°C,8.041049804687496
2026-04-25T02:25:00+00:00,22411525-2,RH,CURRENT,%,48.46723125047684
2026-04-25T02:25:00+00:00,22411525-3,Dew Point,CURRENT,°C,-2.163599762846826
2026-04-25T02:25:00+00:00,22411526-1,Temperature,CURRENT,°C,7.075791015625001
2026-04-25T02:25:00+00:00,22411526-2,RH,CURRENT,%,69.77950713359273
2026-04-25T02:25:00+00:00,22411526-3,Dew Point,CURRENT,°C,1.940367221169557
2026-04-25T02:25:00+00:00,22411527-1,Temperature,CURRENT,°C,8.083950195312497
2026-04-25T02:25:00+00:00,22411527-2,RH,CURRENT,%,48.1376363775082
2026-04-25T02:25:00+00:00,22411527-3,Dew Point,CURRENT,°C,-2.216338844984499
2026-04-25T02:25:00+00:00,22411528-1,Temperature,CURRENT,°C,6.925639648437496
2026-04-25T02:25:00+00:00,22411528-2,RH,CURRENT,%,79.5223926146334
2026-04-25T02:25:00+00:00,22411528-3,Dew Point,CURRENT,°C,3.6364385460664144
2026-04-25T02:25:00+00:00,22411529-1,Temperature,CURRENT,°C,6.668237304687501
2026-04-25T02:25:00+00:00,22411529-2,RH,CURRENT,%,85.8503089951934
2026-04-25T02:25:00+00:00,22411529-3,Dew Point,CURRENT,°C,4.474487866474433
2026-04-25T02:25:00+00:00,22411530-1,Temperature,CURRENT,°C,7.869448242187495
2026-04-25T02:25:00+00:00,22411530-2,RH,CURRENT,%,50.19302662699321
2026-04-25T02:25:00+00:00,22411530-3,Dew Point,CURRENT,°C,-1.8483366568151454
2026-04-25T02:26:00+00:00,22411541-S,Battery,CURRENT,V,8.493544189453125
2026-04-25T02:30:00+00:00,22411189-1,Temperature,CURRENT,°C,7.547695312499997
2026-04-25T02:30:00+00:00,22411189-2,RH,CURRENT,%,59.83367666132601
2026-04-25T02:30:00+00:00,22411189-3,Dew Point,CURRENT,°C,0.2533044768656845
2026-04-25T02:30:00+00:00,22411190-1,Temperature,CURRENT,°C,7.719296874999998
2026-04-25T02:30:00+00:00,22411190-2,RH,CURRENT,%,52.178225375753414
2026-04-25T02:30:00+00:00,22411190-3,Dew Point,CURRENT,°C,-1.4608903426702864
2026-04-25T02:30:00+00:00,22411191-1,Temperature,CURRENT,°C,8.169750976562497
2026-04-25T02:30:00+00:00,22411191-2,RH,CURRENT,%,48.5297932402533
2026-04-25T02:30:00+00:00,22411191-3,Dew Point,CURRENT,°C,-2.027734650880109
2026-04-25T02:30:00+00:00,22411525-1,Temperature,CURRENT,°C,8.191201171875
2026-04-25T02:30:00+00:00,22411525-2,RH,CURRENT,%,47.86297398336767
2026-04-25T02:30:00+00:00,22411525-3,Dew Point,CURRENT,°C,-2.1950744493469627
2026-04-25T02:30:00+00:00,22411526-1,Temperature,CURRENT,°C,7.290292968749995
2026-04-25T02:30:00+00:00,22411526-2,RH,CURRENT,%,69.48195620660715
2026-04-25T02:30:00+00:00,22411526-3,Dew Point,CURRENT,°C,2.086409507480964
2026-04-25T02:30:00+00:00,22411527-1,Temperature,CURRENT,°C,8.212651367187497
2026-04-25T02:30:00+00:00,22411527-2,RH,CURRENT,%,47.80346379797055
2026-04-25T02:30:00+00:00,22411527-3,Dew Point,CURRENT,°C,-2.192178444931649
2026-04-25T02:30:00+00:00,22411528-1,Temperature,CURRENT,°C,7.097241210937497
2026-04-25T02:30:00+00:00,22411528-2,RH,CURRENT,%,77.77065690089265
2026-04-25T02:30:00+00:00,22411528-3,Dew Point,CURRENT,°C,3.4876588884113646
2026-04-25T02:30:00+00:00,22411529-1,Temperature,CURRENT,°C,6.818388671874999
2026-04-25T02:30:00+00:00,22411529-2,RH,CURRENT,%,85.22163729304951
2026-04-25T02:30:00+00:00,22411529-3,Dew Point,CURRENT,°C,4.517096109511674
2026-04-25T02:30:00+00:00,22411530-1,Temperature,CURRENT,°C,8.126850585937497
2026-04-25T02:30:00+00:00,22411530-2,RH,CURRENT,%,48.94636453803311
2026-04-25T02:30:00+00:00,22411530-3,Dew Point,CURRENT,°C,-1.9515505424438182
2026-04-25T02:31:00+00:00,22411541-S,Battery,CURRENT,V,8.487082763671875
2026-04-25T02:35:00+00:00,22411189-1,Temperature,CURRENT,°C,7.654946289062501
2026-04-25T02:35:00+00:00,22411189-2,RH,CURRENT,%,69.65743495841916
2026-04-25T02:35:00+00:00,22411189-3,Dew Point,CURRENT,°C,2.471702110471317
2026-04-25T02:35:00+00:00,22411190-1,Temperature,CURRENT,°C,7.847998046874999
2026-04-25T02:35:00+00:00,22411190-2,RH,CURRENT,%,60.41809719996948
2026-04-25T02:35:00+00:00,22411190-3,Dew Point,CURRENT,°C,0.6708985195616565
2026-04-25T02:35:00+00:00,22411191-1,Temperature,CURRENT,°C,8.277001953125001
2026-04-25T02:35:00+00:00,22411191-2,RH,CURRENT,%,47.43114366369116
2026-04-25T02:35:00+00:00,22411191-3,Dew Point,CURRENT,°C,-2.2387170782184898
2026-04-25T02:35:00+00:00,22411525-1,Temperature,CURRENT,°C,8.277001953125001
2026-04-25T02:35:00+00:00,22411525-2,RH,CURRENT,%,46.96879530022125
2026-04-25T02:35:00+00:00,22411525-3,Dew Point,CURRENT,°C,-2.3709388066331507
2026-04-25T02:35:00+00:00,22411526-1,Temperature,CURRENT,°C,7.397543945312499
2026-04-25T02:35:00+00:00,22411526-2,RH,CURRENT,%,73.64461738002593
2026-04-25T02:35:00+00:00,22411526-3,Dew Point,CURRENT,°C,3.0077392445118023
2026-04-25T02:35:00+00:00,22411527-1,Temperature,CURRENT,°C,8.277001953125001
2026-04-25T02:35:00+00:00,22411527-2,RH,CURRENT,%,47.06492713817045
2026-04-25T02:35:00+00:00,22411527-3,Dew Point,CURRENT,°C,-2.343352568702973
2026-04-25T02:35:00+00:00,22411528-1,Temperature,CURRENT,°C,7.204492187500001
2026-04-25T02:35:00+00:00,22411528-2,RH,CURRENT,%,77.41817349507896
2026-04-25T02:35:00+00:00,22411528-3,Dew Point,CURRENT,°C,3.527520511872496
2026-04-25T02:35:00+00:00,22411529-1,Temperature,CURRENT,°C,6.882739257812496
2026-04-25T02:35:00+00:00,22411529-2,RH,CURRENT,%,82.34683756771192
2026-04-25T02:35:00+00:00,22411529-3,Dew Point,CURRENT,°C,4.090647819307937
2026-04-25T02:35:00+00:00,22411530-1,Temperature,CURRENT,°C,8.126850585937497
2026-04-25T02:35:00+00:00,22411530-2,RH,CURRENT,%,49.62996871900511
2026-04-25T02:35:00+00:00,22411530-3,Dew Point,CURRENT,°C,-1.7636234299473492
2026-04-25T02:36:00+00:00,22411541-S,Battery,CURRENT,V,8.48385205078125
2026-04-25T02:40:00+00:00,22411189-1,Temperature,CURRENT,°C,7.590595703124997
2026-04-25T02:40:00+00:00,22411189-2,RH,CURRENT,%,70.40207522697796
2026-04-25T02:40:00+00:00,22411189-3,Dew Point,CURRENT,°C,2.5593754396231247
2026-04-25T02:40:00+00:00,22411190-1,Temperature,CURRENT,°C,7.826547851562495
2026-04-25T02:40:00+00:00,22411190-2,RH,CURRENT,%,61.7593652246891
2026-04-25T02:40:00+00:00,22411190-3,Dew Point,CURRENT,°C,0.9549060943672204
2026-04-25T02:40:00+00:00,22411191-1,Temperature,CURRENT,°C,8.234101562500001
2026-04-25T02:40:00+00:00,22411191-2,RH,CURRENT,%,46.48355840390631
2026-04-25T02:40:00+00:00,22411191-3,Dew Point,CURRENT,°C,-2.5502316033663623
2026-04-25T02:40:00+00:00,22411525-1,Temperature,CURRENT,°C,8.277001953125001
2026-04-25T02:40:00+00:00,22411525-2,RH,CURRENT,%,46.10818646524758
2026-04-25T02:40:00+00:00,22411525-3,Dew Point,CURRENT,°C,-2.620153430944739
2026-04-25T02:40:00+00:00,22411526-1,Temperature,CURRENT,°C,7.311743164062499
2026-04-25T02:40:00+00:00,22411526-2,RH,CURRENT,%,74.81956206607157
2026-04-25T02:40:00+00:00,22411526-3,Dew Point,CURRENT,°C,3.1483139278136743
2026-04-25T02:40:00+00:00,22411527-1,Temperature,CURRENT,°C,8.319902343750002
2026-04-25T02:40:00+00:00,22411527-2,RH,CURRENT,%,46.34164950026703
2026-04-25T02:40:00+00:00,22411527-3,Dew Point,CURRENT,°C,-2.5128769903917427
2026-04-25T02:40:00+00:00,22411528-1,Temperature,CURRENT,°C,7.225942382812498
2026-04-25T02:40:00+00:00,22411528-2,RH,CURRENT,%,78.57633325703823
2026-04-25T02:40:00+00:00,22411528-3,Dew Point,CURRENT,°C,3.7590719412333047
2026-04-25T02:40:00+00:00,22411529-1,Temperature,CURRENT,°C,6.989990234375
2026-04-25T02:40:00+00:00,22411529-2,RH,CURRENT,%,83.93987945372702
2026-04-25T02:40:00+00:00,22411529-3,Dew Point,CURRENT,°C,4.469049874494793
2026-04-25T02:40:00+00:00,22411530-1,Temperature,CURRENT,°C,8.105400390625
2026-04-25T02:40:00+00:00,22411530-2,RH,CURRENT,%,48.078126192111085
2026-04-25T02:40:00+00:00,22411530-3,Dew Point,CURRENT,°C,-2.2133301862610253
2026-04-25T02:41:00+00:00,22411541-S,Battery,CURRENT,V,8.48385205078125
2026-04-25T02:45:00+00:00,22411189-1,Temperature,CURRENT,°C,7.461894531249996
2026-04-25T02:45:00+00:00,22411189-2,RH,CURRENT,%,74.3755245288777
2026-04-25T02:45:00+00:00,22411189-3,Dew Point,CURRENT,°C,3.2094437797780326
2026-04-25T02:45:00+00:00,22411190-1,Temperature,CURRENT,°C,7.697846679687501
2026-04-25T02:45:00+00:00,22411190-2,RH,CURRENT,%,69.73983367666132
2026-04-25T02:45:00+00:00,22411190-3,Dew Point,CURRENT,°C,2.5294908830487333
2026-04-25T02:45:00+00:00,22411191-1,Temperature,CURRENT,°C,8.0625
2026-04-25T02:45:00+00:00,22411191-2,RH,CURRENT,%,66.13107499809263
2026-04-25T02:45:00+00:00,22411191-3,Dew Point,CURRENT,°C,2.1326682980119975
2026-04-25T02:45:00+00:00,22411525-1,Temperature,CURRENT,°C,8.14830078125
2026-04-25T02:45:00+00:00,22411525-2,RH,CURRENT,%,63.34477759975586
2026-04-25T02:45:00+00:00,22411525-3,Dew Point,CURRENT,°C,1.6124510267694967
2026-04-25T02:45:00+00:00,22411526-1,Temperature,CURRENT,°C,7.247392578125002
2026-04-25T02:45:00+00:00,22411526-2,RH,CURRENT,%,75.04997329671168
2026-04-25T02:45:00+00:00,22411526-3,Dew Point,CURRENT,°C,3.12947022487328
2026-04-25T02:45:00+00:00,22411527-1,Temperature,CURRENT,°C,8.234101562500001
2026-04-25T02:45:00+00:00,22411527-2,RH,CURRENT,%,62.16830701152056
2026-04-25T02:45:00+00:00,22411527-3,Dew Point,CURRENT,°C,1.4324398414168398
2026-04-25T02:45:00+00:00,22411528-1,Temperature,CURRENT,°C,7.183041992187498
2026-04-25T02:45:00+00:00,22411528-2,RH,CURRENT,%,78.68162050812543
2026-04-25T02:45:00+00:00,22411528-3,Dew Point,CURRENT,°C,3.7363254403934607
2026-04-25T02:45:00+00:00,22411529-1,Temperature,CURRENT,°C,7.011440429687497
2026-04-25T02:45:00+00:00,22411529-2,RH,CURRENT,%,85.1163500419623
2026-04-25T02:45:00+00:00,22411529-3,Dew Point,CURRENT,°C,4.689129569026036
2026-04-25T02:45:00+00:00,22411530-1,Temperature,CURRENT,°C,7.955249023437496
2026-04-25T02:45:00+00:00,22411530-2,RH,CURRENT,%,66.6849774929427
2026-04-25T02:45:00+00:00,22411530-3,Dew Point,CURRENT,°C,2.1472012950544044
2026-04-25T02:46:00+00:00,22411541-S,Battery,CURRENT,V,8.48385205078125
2026-04-25T02:50:00+00:00,22411189-1,Temperature,CURRENT,°C,7.3760937499999955
2026-04-25T02:50:00+00:00,22411189-2,RH,CURRENT,%,71.51598382543679
2026-04-25T02:50:00+00:00,22411189-3,Dew Point,CURRENT,°C,2.5738292305061705
2026-04-25T02:50:00+00:00,22411190-1,Temperature,CURRENT,°C,7.590595703124997
2026-04-25T02:50:00+00:00,22411190-2,RH,CURRENT,%,63.09300373846037
2026-04-25T02:50:00+00:00,22411190-3,Dew Point,CURRENT,°C,1.0278591860210766
2026-04-25T02:50:00+00:00,22411191-1,Temperature,CURRENT,°C,7.9123486328124955
2026-04-25T02:50:00+00:00,22411191-2,RH,CURRENT,%,55.671015487907226
2026-04-25T02:50:00+00:00,22411191-3,Dew Point,CURRENT,°C,-0.39621835175983094
2026-04-25T02:50:00+00:00,22411525-1,Temperature,CURRENT,°C,7.955249023437496
2026-04-25T02:50:00+00:00,22411525-2,RH,CURRENT,%,53.47981994354162
2026-04-25T02:50:00+00:00,22411525-3,Dew Point,CURRENT,°C,-0.9058636355964542
2026-04-25T02:50:00+00:00,22411526-1,Temperature,CURRENT,°C,7.225942382812498
2026-04-25T02:50:00+00:00,22411526-2,RH,CURRENT,%,75.08201724269475
2026-04-25T02:50:00+00:00,22411526-3,Dew Point,CURRENT,°C,3.114733337110796
2026-04-25T02:50:00+00:00,22411527-1,Temperature,CURRENT,°C,7.998149414062496
2026-04-25T02:50:00+00:00,22411527-2,RH,CURRENT,%,52.425421530479895
2026-04-25T02:50:00+00:00,22411527-3,Dew Point,CURRENT,°C,-1.1377091693676378
2026-04-25T02:50:00+00:00,22411528-1,Temperature,CURRENT,°C,7.161591796875001
2026-04-25T02:50:00+00:00,22411528-2,RH,CURRENT,%,78.98374914168002
2026-04-25T02:50:00+00:00,22411528-3,Dew Point,CURRENT,°C,3.769866574985601
2026-04-25T02:50:00+00:00,22411529-1,Temperature,CURRENT,°C,6.925639648437496
2026-04-25T02:50:00+00:00,22411529-2,RH,CURRENT,%,84.38849469748989
2026-04-25T02:50:00+00:00,22411529-3,Dew Point,CURRENT,°C,4.482053365450027
2026-04-25T02:50:00+00:00,22411530-1,Temperature,CURRENT,°C,7.783647460937502
2026-04-25T02:50:00+00:00,22411530-2,RH,CURRENT,%,60.45471885252155
2026-04-25T02:50:00+00:00,22411530-3,Dew Point,CURRENT,°C,0.6185443358791654
2026-04-25T02:51:00+00:00,22411541-S,Battery,CURRENT,V,8.487082763671875
2026-04-25T02:55:00+00:00,22411189-1,Temperature,CURRENT,°C,7.183041992187498
2026-04-25T02:55:00+00:00,22411189-2,RH,CURRENT,%,69.24544136720836
2026-04-25T02:55:00+00:00,22411189-3,Dew Point,CURRENT,°C,1.9357984542989988
2026-04-25T02:55:00+00:00,22411190-1,Temperature,CURRENT,°C,7.461894531249996
2026-04-25T02:55:00+00:00,22411190-2,RH,CURRENT,%,58.45120927748531
2026-04-25T02:55:00+00:00,22411190-3,Dew Point,CURRENT,°C,-0.1493687096897624
2026-04-25T02:55:00+00:00,22411191-1,Temperature,CURRENT,°C,7.9123486328124955
2026-04-25T02:55:00+00:00,22411191-2,RH,CURRENT,%,51.158922713054096
2026-04-25T02:55:00+00:00,22411191-3,Dew Point,CURRENT,°C,-1.5500506270555463
2026-04-25T02:55:00+00:00,22411525-1,Temperature,CURRENT,°C,7.976699218749999
2026-04-25T02:55:00+00:00,22411525-2,RH,CURRENT,%,51.464103150988024
2026-04-25T02:55:00+00:00,22411525-3,Dew Point,CURRENT,°C,-1.409606489883003
2026-04-25T02:55:00+00:00,22411526-1,Temperature,CURRENT,°C,6.925639648437496
2026-04-25T02:55:00+00:00,22411526-2,RH,CURRENT,%,74.39993896391242
2026-04-25T02:55:00+00:00,22411526-3,Dew Point,CURRENT,°C,2.695432096632682
2026-04-25T02:55:00+00:00,22411527-1,Temperature,CURRENT,°C,8.0625
2026-04-25T02:55:00+00:00,22411527-2,RH,CURRENT,%,50.930037384603644
2026-04-25T02:55:00+00:00,22411527-3,Dew Point,CURRENT,°C,-1.4720064287243741
2026-04-25T02:55:00+00:00,22411528-1,Temperature,CURRENT,°C,6.796938476562495
2026-04-25T02:55:00+00:00,22411528-2,RH,CURRENT,%,80.12664988174258
2026-04-25T02:55:00+00:00,22411528-3,Dew Point,CURRENT,°C,3.618317547516332
2026-04-25T02:55:00+00:00,22411529-1,Temperature,CURRENT,°C,6.582436523437501
2026-04-25T02:55:00+00:00,22411529-2,RH,CURRENT,%,85.0263218127718
2026-04-25T02:55:00+00:00,22411529-3,Dew Point,CURRENT,°C,4.252477910348656
2026-04-25T02:55:00+00:00,22411530-1,Temperature,CURRENT,°C,7.762197265624998
2026-04-25T02:55:00+00:00,22411530-2,RH,CURRENT,%,50.98344396124208
2026-04-25T02:55:00+00:00,22411530-3,Dew Point,CURRENT,°C,-1.735684817886189
2026-04-25T02:56:00+00:00,22411541-S,Battery,CURRENT,V,8.48385205078125
2026-04-25T03:00:00+00:00,22411189-1,Temperature,CURRENT,°C,7.333193359374995
2026-04-25T03:00:00+00:00,22411189-2,RH,CURRENT,%,67.22514686808576
2026-04-25T03:00:00+00:00,22411189-3,Dew Point,CURRENT,°C,1.665815582192787
2026-04-25T03:00:00+00:00,22411190-1,Temperature,CURRENT,°C,7.5691455078125
2026-04-25T03:00:00+00:00,22411190-2,RH,CURRENT,%,59.563591973754484
2026-04-25T03:00:00+00:00,22411190-3,Dew Point,CURRENT,°C,0.21113279980514935
2026-04-25T03:00:00+00:00,22411191-1,Temperature,CURRENT,°C,8.019599609375
2026-04-25T03:00:00+00:00,22411191-2,RH,CURRENT,%,50.30746929121843
2026-04-25T03:00:00+00:00,22411191-3,Dew Point,CURRENT,°C,-1.6787232849389324
2026-04-25T03:00:00+00:00,22411525-1,Temperature,CURRENT,°C,8.083950195312497
2026-04-25T03:00:00+00:00,22411525-2,RH,CURRENT,%,48.97535667963683
2026-04-25T03:00:00+00:00,22411525-3,Dew Point,CURRENT,°C,-1.9830517361511932
2026-04-25T03:00:00+00:00,22411526-1,Temperature,CURRENT,°C,6.94708984375
2026-04-25T03:00:00+00:00,22411526-2,RH,CURRENT,%,73.56679636835278
2026-04-25T03:00:00+00:00,22411526-3,Dew Point,CURRENT,°C,2.55772334339164
2026-04-25T03:00:00+00:00,22411527-1,Temperature,CURRENT,°C,8.14830078125
2026-04-25T03:00:00+00:00,22411527-2,RH,CURRENT,%,48.55420767528801
2026-04-25T03:00:00+00:00,22411527-3,Dew Point,CURRENT,°C,-2.040668772998409
2026-04-25T03:00:00+00:00,22411528-1,Temperature,CURRENT,°C,6.539536132812501
2026-04-25T03:00:00+00:00,22411528-2,RH,CURRENT,%,80.68207827878233
2026-04-25T03:00:00+00:00,22411528-3,Dew Point,CURRENT,°C,3.4650034467799826
2026-04-25T03:00:00+00:00,22411529-1,Temperature,CURRENT,°C,6.260683593749995
2026-04-25T03:00:00+00:00,22411529-2,RH,CURRENT,%,86.62851911192493
2026-04-25T03:00:00+00:00,22411529-3,Dew Point,CURRENT,°C,4.202154663663296
2026-04-25T03:00:00+00:00,22411530-1,Temperature,CURRENT,°C,7.869448242187495
2026-04-25T03:00:00+00:00,22411530-2,RH,CURRENT,%,51.73876554512856
2026-04-25T03:00:00+00:00,22411530-3,Dew Point,CURRENT,°C,-1.4366167982339588
2026-04-25T03:01:00+00:00,22411541-S,Battery,CURRENT,V,8.477390625
2026-04-25T03:05:00+00:00,22411189-1,Temperature,CURRENT,°C,7.4833447265625
2026-04-25T03:05:00+00:00,22411189-2,RH,CURRENT,%,57.845426108186466
2026-04-25T03:05:00+00:00,22411189-3,Dew Point,CURRENT,°C,-0.2723466087050927
2026-04-25T03:05:00+00:00,22411190-1,Temperature,CURRENT,°C,7.633496093749997
2026-04-25T03:05:00+00:00,22411190-2,RH,CURRENT,%,53.83077744716564
2026-04-25T03:05:00+00:00,22411190-3,Dew Point,CURRENT,°C,-1.1161456061744683
2026-04-25T03:05:00+00:00,22411191-1,Temperature,CURRENT,°C,8.105400390625
2026-04-25T03:05:00+00:00,22411191-2,RH,CURRENT,%,48.31158922713054
2026-04-25T03:05:00+00:00,22411191-3,Dew Point,CURRENT,°C,-2.147874359628082
2026-04-25T03:05:00+00:00,22411525-1,Temperature,CURRENT,°C,8.169750976562497
2026-04-25T03:05:00+00:00,22411525-2,RH,CURRENT,%,46.93369954985885
2026-04-25T03:05:00+00:00,22411525-3,Dew Point,CURRENT,°C,-2.4793328118036375
2026-04-25T03:05:00+00:00,22411526-1,Temperature,CURRENT,°C,6.968540039062496
2026-04-25T03:05:00+00:00,22411526-2,RH,CURRENT,%,65.13313496604867
2026-04-25T03:05:00+00:00,22411526-3,Dew Point,CURRENT,°C,0.8781326981642195
2026-04-25T03:05:00+00:00,22411527-1,Temperature,CURRENT,°C,8.255551757812498
2026-04-25T03:05:00+00:00,22411527-2,RH,CURRENT,%,46.410315098802165
2026-04-25T03:05:00+00:00,22411527-3,Dew Point,CURRENT,°C,-2.551834096110316
2026-04-25T03:05:00+00:00,22411528-1,Temperature,CURRENT,°C,6.475185546874997
2026-04-25T03:05:00+00:00,22411528-2,RH,CURRENT,%,77.29304951552605
2026-04-25T03:05:00+00:00,22411528-3,Dew Point,CURRENT,°C,2.7960306444416525
2026-04-25T03:05:00+00:00,22411529-1,Temperature,CURRENT,°C,6.131982421875001
2026-04-25T03:05:00+00:00,22411529-2,RH,CURRENT,%,85.61226825360494
2026-04-25T03:05:00+00:00,22411529-3,Dew Point,CURRENT,°C,3.907499638952241
2026-04-25T03:05:00+00:00,22411530-1,Temperature,CURRENT,°C,7.976699218749999
2026-04-25T03:05:00+00:00,22411530-2,RH,CURRENT,%,49.39650568398566
2026-04-25T03:05:00+00:00,22411530-3,Dew Point,CURRENT,°C,-1.9659976548379128
2026-04-25T03:06:00+00:00,22411541-S,Battery,CURRENT,V,8.477390625
2026-04-25T03:10:00+00:00,22411189-1,Temperature,CURRENT,°C,7.397543945312499
2026-04-25T03:10:00+00:00,22411189-2,RH,CURRENT,%,61.179522392614636
2026-04-25T03:10:00+00:00,22411189-3,Dew Point,CURRENT,°C,0.4185728011549954
2026-04-25T03:10:00+00:00,22411190-1,Temperature,CURRENT,°C,7.612045898437501
2026-04-25T03:10:00+00:00,22411190-2,RH,CURRENT,%,51.917296101319906
2026-04-25T03:10:00+00:00,22411190-3,Dew Point,CURRENT,°C,-1.628500963404116
2026-04-25T03:10:00+00:00,22411191-1,Temperature,CURRENT,°C,8.105400390625
2026-04-25T03:10:00+00:00,22411191-2,RH,CURRENT,%,48.02624551766232
2026-04-25T03:10:00+00:00,22411191-3,Dew Point,CURRENT,°C,-2.22791412893319
2026-04-25T03:10:00+00:00,22411525-1,Temperature,CURRENT,°C,8.212651367187497
2026-04-25T03:10:00+00:00,22411525-2,RH,CURRENT,%,48.291752498664835
2026-04-25T03:10:00+00:00,22411525-3,Dew Point,CURRENT,°C,-2.054790295905851
2026-04-25T03:10:00+00:00,22411526-1,Temperature,CURRENT,°C,6.989990234375
2026-04-25T03:10:00+00:00,22411526-2,RH,CURRENT,%,71.97833218890669
2026-04-25T03:10:00+00:00,22411526-3,Dew Point,CURRENT,°C,2.292504630145085
2026-04-25T03:10:00+00:00,22411527-1,Temperature,CURRENT,°C,8.319902343750002
2026-04-25T03:10:00+00:00,22411527-2,RH,CURRENT,%,48.55268177309834
2026-04-25T03:10:00+00:00,22411527-3,Dew Point,CURRENT,°C,-1.8831846523414753
2026-04-25T03:10:00+00:00,22411528-1,Temperature,CURRENT,°C,6.475185546874997
2026-04-25T03:10:00+00:00,22411528-2,RH,CURRENT,%,80.73243305104143
2026-04-25T03:10:00+00:00,22411528-3,Dew Point,CURRENT,°C,3.41100030146445
2026-04-25T03:10:00+00:00,22411529-1,Temperature,CURRENT,°C,6.046181640625001
2026-04-25T03:10:00+00:00,22411529-2,RH,CURRENT,%,87.13511863889525
2026-04-25T03:10:00+00:00,22411529-3,Dew Point,CURRENT,°C,4.073927959750941
2026-04-25T03:10:00+00:00,22411530-1,Temperature,CURRENT,°C,7.933798828124999
2026-04-25T03:10:00+00:00,22411530-2,RH,CURRENT,%,47.73479819943542
2026-04-25T03:10:00+00:00,22411530-3,Dew Point,CURRENT,°C,-2.467715080226386
2026-04-25T03:11:00+00:00,22411541-S,Battery,CURRENT,V,8.477390625
2026-04-25T03:15:00+00:00,22411189-1,Temperature,CURRENT,°C,7.054340820312497
2026-04-25T03:15:00+00:00,22411189-2,RH,CURRENT,%,60.103761348897535
2026-04-25T03:15:00+00:00,22411189-3,Dew Point,CURRENT,°C,-0.14998884760147135
2026-04-25T03:15:00+00:00,22411190-1,Temperature,CURRENT,°C,7.3760937499999955
2026-04-25T03:15:00+00:00,22411190-2,RH,CURRENT,%,53.794155794613566
2026-04-25T03:15:00+00:00,22411190-3,Dew Point,CURRENT,°C,-1.3651529318605264
2026-04-25T03:15:00+00:00,22411191-1,Temperature,CURRENT,°C,7.998149414062496
2026-04-25T03:15:00+00:00,22411191-2,RH,CURRENT,%,49.02418554970627
2026-04-25T03:15:00+00:00,22411191-3,Dew Point,CURRENT,°C,-2.0486106174927436
2026-04-25T03:15:00+00:00,22411525-1,Temperature,CURRENT,°C,8.083950195312497
2026-04-25T03:15:00+00:00,22411525-2,RH,CURRENT,%,49.163042648966204
2026-04-25T03:15:00+00:00,22411525-3,Dew Point,CURRENT,°C,-1.931269946183117
2026-04-25T03:15:00+00:00,22411526-1,Temperature,CURRENT,°C,6.711137695312502
2026-04-25T03:15:00+00:00,22411526-2,RH,CURRENT,%,66.82688639658198
2026-04-25T03:15:00+00:00,22411526-3,Dew Point,CURRENT,°C,0.988757279940651
2026-04-25T03:15:00+00:00,22411527-1,Temperature,CURRENT,°C,8.169750976562497
2026-04-25T03:15:00+00:00,22411527-2,RH,CURRENT,%,50.68131532768749
2026-04-25T03:15:00+00:00,22411527-3,Dew Point,CURRENT,°C,-1.4393516073325336
2026-04-25T03:15:00+00:00,22411528-1,Temperature,CURRENT,°C,6.239233398437499
2026-04-25T03:15:00+00:00,22411528-2,RH,CURRENT,%,78.30930037384604
2026-04-25T03:15:00+00:00,22411528-3,Dew Point,CURRENT,°C,2.750606159360405
2026-04-25T03:15:00+00:00,22411529-1,Temperature,CURRENT,°C,5.853129882812496
2026-04-25T03:15:00+00:00,22411529-2,RH,CURRENT,%,88.58777752346074
2026-04-25T03:15:00+00:00,22411529-3,Dew Point,CURRENT,°C,4.118983188721066
2026-04-25T03:15:00+00:00,22411530-1,Temperature,CURRENT,°C,7.826547851562495
2026-04-25T03:15:00+00:00,22411530-2,RH,CURRENT,%,49.81765468833448
2026-04-25T03:15:00+00:00,22411530-3,Dew Point,CURRENT,°C,-1.989610983866797
2026-04-25T03:16:00+00:00,22411541-S,Battery,CURRENT,V,8.48385205078125
2026-04-25T03:20:00+00:00,22411189-1,Temperature,CURRENT,°C,7.225942382812498
2026-04-25T03:20:00+00:00,22411189-2,RH,CURRENT,%,70.54398413061723
2026-04-25T03:20:00+00:00,22411189-3,Dew Point,CURRENT,°C,2.2372139552687282
2026-04-25T03:20:00+00:00,22411190-1,Temperature,CURRENT,°C,7.4833447265625
2026-04-25T03:20:00+00:00,22411190-2,RH,CURRENT,%,64.277103837644
2026-04-25T03:20:00+00:00,22411190-3,Dew Point,CURRENT,°C,1.1843063498110238
2026-04-25T03:20:00+00:00,22411191-1,Temperature,CURRENT,°C,7.998149414062496
2026-04-25T03:20:00+00:00,22411191-2,RH,CURRENT,%,49.48805981536584
2026-04-25T03:20:00+00:00,22411191-3,Dew Point,CURRENT,°C,-1.9211444847967438
2026-04-25T03:20:00+00:00,22411525-1,Temperature,CURRENT,°C,8.083950195312497
2026-04-25T03:20:00+00:00,22411525-2,RH,CURRENT,%,50.43869687953002
2026-04-25T03:20:00+00:00,22411525-3,Dew Point,CURRENT,°C,-1.5838871511278991
2026-04-25T03:20:00+00:00,22411526-1,Temperature,CURRENT,°C,6.582436523437501
2026-04-25T03:20:00+00:00,22411526-2,RH,CURRENT,%,74.47165636682689
2026-04-25T03:20:00+00:00,22411526-3,Dew Point,CURRENT,°C,2.377000940202495
2026-04-25T03:20:00+00:00,22411527-1,Temperature,CURRENT,°C,8.126850585937497
2026-04-25T03:20:00+00:00,22411527-2,RH,CURRENT,%,51.410696574349586
2026-04-25T03:20:00+00:00,22411527-3,Dew Point,CURRENT,°C,-1.284636564826107
2026-04-25T03:20:00+00:00,22411528-1,Temperature,CURRENT,°C,6.131982421875001
2026-04-25T03:20:00+00:00,22411528-2,RH,CURRENT,%,79.86572060730907
2026-04-25T03:20:00+00:00,22411528-3,Dew Point,CURRENT,°C,2.92349630094953
2026-04-25T03:20:00+00:00,22411529-1,Temperature,CURRENT,°C,5.724428710937495
2026-04-25T03:20:00+00:00,22411529-2,RH,CURRENT,%,88.06134126802472
2026-04-25T03:20:00+00:00,22411529-3,Dew Point,CURRENT,°C,3.9071251790786143
2026-04-25T03:20:00+00:00,22411530-1,Temperature,CURRENT,°C,7.826547851562495
2026-04-25T03:20:00+00:00,22411530-2,RH,CURRENT,%,58.222323949034866
2026-04-25T03:20:00+00:00,22411530-3,Dew Point,CURRENT,°C,0.139428730236824
2026-04-25T03:21:00+00:00,22411541-S,Battery,CURRENT,V,8.474159912109375
2026-04-25T03:25:00+00:00,22411189-1,Temperature,CURRENT,°C,6.754038085937495
2026-04-25T03:25:00+00:00,22411189-2,RH,CURRENT,%,71.59838254367895
2026-04-25T03:25:00+00:00,22411189-3,Dew Point,CURRENT,°C,1.991074260176964
2026-04-25T03:25:00+00:00,22411190-1,Temperature,CURRENT,°C,7.011440429687497
2026-04-25T03:25:00+00:00,22411190-2,RH,CURRENT,%,66.36911573968109
2026-04-25T03:25:00+00:00,22411190-3,Dew Point,CURRENT,°C,1.180012338865491
2026-04-25T03:25:00+00:00,22411191-1,Temperature,CURRENT,°C,7.418994140624996
2026-04-25T03:25:00+00:00,22411191-2,RH,CURRENT,%,62.949568932631415
2026-04-25T03:25:00+00:00,22411191-3,Dew Point,CURRENT,°C,0.8335134695587061
2026-04-25T03:25:00+00:00,22411525-1,Temperature,CURRENT,°C,7.633496093749997
2026-04-25T03:25:00+00:00,22411525-2,RH,CURRENT,%,59.932860303654536
2026-04-25T03:25:00+00:00,22411525-3,Dew Point,CURRENT,°C,0.35706386025586023
2026-04-25T03:25:00+00:00,22411526-1,Temperature,CURRENT,°C,6.4108349609375
2026-04-25T03:25:00+00:00,22411526-2,RH,CURRENT,%,74.39536125734341
2026-04-25T03:25:00+00:00,22411526-3,Dew Point,CURRENT,°C,2.196626423459396
2026-04-25T03:25:00+00:00,22411527-1,Temperature,CURRENT,°C,7.783647460937502
2026-04-25T03:25:00+00:00,22411527-2,RH,CURRENT,%,59.37895780880446
2026-04-25T03:25:00+00:00,22411527-3,Dew Point,CURRENT,°C,0.37039192545979055
2026-04-25T03:25:00+00:00,22411528-1,Temperature,CURRENT,°C,6.131982421875001
2026-04-25T03:25:00+00:00,22411528-2,RH,CURRENT,%,82.30563820859084
2026-04-25T03:25:00+00:00,22411528-3,Dew Point,CURRENT,°C,3.348686511380372
2026-04-25T03:25:00+00:00,22411529-1,Temperature,CURRENT,°C,5.702978515624999
2026-04-25T03:25:00+00:00,22411529-2,RH,CURRENT,%,91.07652399481194
2026-04-25T03:25:00+00:00,22411529-3,Dew Point,CURRENT,°C,4.365560350997118
2026-04-25T03:25:00+00:00,22411530-1,Temperature,CURRENT,°C,7.225942382812498
2026-04-25T03:25:00+00:00,22411530-2,RH,CURRENT,%,64.58991378652628
2026-04-25T03:25:00+00:00,22411530-3,Dew Point,CURRENT,°C,1.006944410176794
2026-04-25T03:26:00+00:00,22411541-S,Battery,CURRENT,V,8.467698486328125
2026-04-25T03:30:00+00:00,22411189-1,Temperature,CURRENT,°C,6.689687499999998
2026-04-25T03:30:00+00:00,22411189-2,RH,CURRENT,%,72.8023193713283
2026-04-25T03:30:00+00:00,22411189-3,Dew Point,CURRENT,°C,2.162592397028814
2026-04-25T03:30:00+00:00,22411190-1,Temperature,CURRENT,°C,6.861289062499999
2026-04-25T03:30:00+00:00,22411190-2,RH,CURRENT,%,68.64423590447852
2026-04-25T03:30:00+00:00,22411190-3,Dew Point,CURRENT,°C,1.5055926615311086
2026-04-25T03:30:00+00:00,22411191-1,Temperature,CURRENT,°C,7.268842773437498
2026-04-25T03:30:00+00:00,22411191-2,RH,CURRENT,%,68.19562066071565
2026-04-25T03:30:00+00:00,22411191-3,Dew Point,CURRENT,°C,1.804425709272927
2026-04-25T03:30:00+00:00,22411525-1,Temperature,CURRENT,°C,7.461894531249996
2026-04-25T03:30:00+00:00,22411525-2,RH,CURRENT,%,65.07057297627222
2026-04-25T03:30:00+00:00,22411525-3,Dew Point,CURRENT,°C,1.3345581641477766
2026-04-25T03:30:00+00:00,22411526-1,Temperature,CURRENT,°C,6.4537353515625
2026-04-25T03:30:00+00:00,22411526-2,RH,CURRENT,%,77.0641641870756
2026-04-25T03:30:00+00:00,22411526-3,Dew Point,CURRENT,°C,2.7334197026385025
2026-04-25T03:30:00+00:00,22411527-1,Temperature,CURRENT,°C,7.590595703124997
2026-04-25T03:30:00+00:00,22411527-2,RH,CURRENT,%,63.57671473258564
2026-04-25T03:30:00+00:00,22411527-3,Dew Point,CURRENT,°C,1.1339361500872143
2026-04-25T03:30:00+00:00,22411528-1,Temperature,CURRENT,°C,6.217783203124995
2026-04-25T03:30:00+00:00,22411528-2,RH,CURRENT,%,83.35545891508355
2026-04-25T03:30:00+00:00,22411528-3,Dew Point,CURRENT,°C,3.612326618617209
2026-04-25T03:30:00+00:00,22411529-1,Temperature,CURRENT,°C,5.91748046875
2026-04-25T03:30:00+00:00,22411529-2,RH,CURRENT,%,91.49309529259175
2026-04-25T03:30:00+00:00,22411529-3,Dew Point,CURRENT,°C,4.643312879781102
2026-04-25T03:30:00+00:00,22411530-1,Temperature,CURRENT,°C,7.097241210937497
2026-04-25T03:30:00+00:00,22411530-2,RH,CURRENT,%,68.86854352635996
2026-04-25T03:30:00+00:00,22411530-3,Dew Point,CURRENT,°C,1.7772363657096235
2026-04-25T03:31:00+00:00,22411541-S,Battery,CURRENT,V,8.467698486328125
2026-04-25T03:35:00+00:00,22411189-1,Temperature,CURRENT,°C,6.775488281249999
2026-04-25T03:35:00+00:00,22411189-2,RH,CURRENT,%,73.42793926909285
2026-04-25T03:35:00+00:00,22411189-3,Dew Point,CURRENT,°C,2.3654389956082245
2026-04-25T03:35:00+00:00,22411190-1,Temperature,CURRENT,°C,7.011440429687497
2026-04-25T03:35:00+00:00,22411190-2,RH,CURRENT,%,69.5597772182803
2026-04-25T03:35:00+00:00,22411190-3,Dew Point,CURRENT,°C,1.834502768208359
2026-04-25T03:35:00+00:00,22411191-1,Temperature,CURRENT,°C,7.3760937499999955
2026-04-25T03:35:00+00:00,22411191-2,RH,CURRENT,%,65.88998245212481
2026-04-25T03:35:00+00:00,22411191-3,Dew Point,CURRENT,°C,1.4270522478443302
2026-04-25T03:35:00+00:00,22411525-1,Temperature,CURRENT,°C,7.440444335937499
2026-04-25T03:35:00+00:00,22411525-2,RH,CURRENT,%,63.778133821622035
2026-04-25T03:35:00+00:00,22411525-3,Dew Point,CURRENT,°C,1.035271903744734
2026-04-25T03:35:00+00:00,22411526-1,Temperature,CURRENT,°C,6.518085937499997
2026-04-25T03:35:00+00:00,22411526-2,RH,CURRENT,%,78.59922178988327
2026-04-25T03:35:00+00:00,22411526-3,Dew Point,CURRENT,°C,3.0741334418350337
2026-04-25T03:35:00+00:00,22411527-1,Temperature,CURRENT,°C,7.5262451171875
2026-04-25T03:35:00+00:00,22411527-2,RH,CURRENT,%,62.13168535896849
2026-04-25T03:35:00+00:00,22411527-3,Dew Point,CURRENT,°C,0.7539539917246096
2026-04-25T03:35:00+00:00,22411528-1,Temperature,CURRENT,°C,6.389384765624996
2026-04-25T03:35:00+00:00,22411528-2,RH,CURRENT,%,84.69672693980316
2026-04-25T03:35:00+00:00,22411528-3,Dew Point,CURRENT,°C,4.007507853987461
2026-04-25T03:35:00+00:00,22411529-1,Temperature,CURRENT,°C,6.110532226562498
2026-04-25T03:35:00+00:00,22411529-2,RH,CURRENT,%,91.0032806897078
2026-04-25T03:35:00+00:00,22411529-3,Dew Point,CURRENT,°C,4.75775402925877
2026-04-25T03:35:00+00:00,22411530-1,Temperature,CURRENT,°C,7.268842773437498
2026-04-25T03:35:00+00:00,22411530-2,RH,CURRENT,%,66.35690852216374
2026-04-25T03:35:00+00:00,22411530-3,Dew Point,CURRENT,°C,1.4231047514243347
2026-04-25T03:36:00+00:00,22411541-S,Battery,CURRENT,V,8.467698486328125
2026-04-25T03:40:00+00:00,22411189-1,Temperature,CURRENT,°C,6.989990234375
2026-04-25T03:40:00+00:00,22411189-2,RH,CURRENT,%,79.33470664530404
2026-04-25T03:40:00+00:00,22411189-3,Dew Point,CURRENT,°C,3.6656286788567867
2026-04-25T03:40:00+00:00,22411190-1,Temperature,CURRENT,°C,7.075791015625001
2026-04-25T03:40:00+00:00,22411190-2,RH,CURRENT,%,74.93095292591745
2026-04-25T03:40:00+00:00,22411190-3,Dew Point,CURRENT,°C,2.9409405750598525
2026-04-25T03:40:00+00:00,22411191-1,Temperature,CURRENT,°C,7.354643554687499
2026-04-25T03:40:00+00:00,22411191-2,RH,CURRENT,%,63.71404592965591
2026-04-25T03:40:00+00:00,22411191-3,Dew Point,CURRENT,°C,0.9398219486817595
2026-04-25T03:40:00+00:00,22411525-1,Temperature,CURRENT,°C,7.397543945312499
2026-04-25T03:40:00+00:00,22411525-2,RH,CURRENT,%,60.96894789044022
2026-04-25T03:40:00+00:00,22411525-3,Dew Point,CURRENT,°C,0.37095991015232815
2026-04-25T03:40:00+00:00,22411526-1,Temperature,CURRENT,°C,6.796938476562495
2026-04-25T03:40:00+00:00,22411526-2,RH,CURRENT,%,81.78072785534447
2026-04-25T03:40:00+00:00,22411526-3,Dew Point,CURRENT,°C,3.908528418207683
2026-04-25T03:40:00+00:00,22411527-1,Temperature,CURRENT,°C,7.4833447265625
2026-04-25T03:40:00+00:00,22411527-2,RH,CURRENT,%,59.29198138399329
2026-04-25T03:40:00+00:00,22411527-3,Dew Point,CURRENT,°C,0.06731905209835255
2026-04-25T03:40:00+00:00,22411528-1,Temperature,CURRENT,°C,6.689687499999998
2026-04-25T03:40:00+00:00,22411528-2,RH,CURRENT,%,85.60311284046692
2026-04-25T03:40:00+00:00,22411528-3,Dew Point,CURRENT,°C,4.454390807260572
2026-04-25T03:40:00+00:00,22411529-1,Temperature,CURRENT,°C,6.389384765624996
2026-04-25T03:40:00+00:00,22411529-2,RH,CURRENT,%,91.14213778896773
2026-04-25T03:40:00+00:00,22411529-3,Dew Point,CURRENT,°C,5.055835045722219
2026-04-25T03:40:00+00:00,22411530-1,Temperature,CURRENT,°C,7.268842773437498
2026-04-25T03:40:00+00:00,22411530-2,RH,CURRENT,%,67.59136339360647
2026-04-25T03:40:00+00:00,22411530-3,Dew Point,CURRENT,°C,1.6801246252369808
2026-04-25T03:41:00+00:00,22411541-S,Battery,CURRENT,V,8.4644677734375
2026-04-25T03:45:00+00:00,22411189-1,Temperature,CURRENT,°C,6.968540039062496
2026-04-25T03:45:00+00:00,22411189-2,RH,CURRENT,%,76.70710307469291
2026-04-25T03:45:00+00:00,22411189-3,Dew Point,CURRENT,°C,3.1677637630048037
2026-04-25T03:45:00+00:00,22411190-1,Temperature,CURRENT,°C,7.054340820312497
2026-04-25T03:45:00+00:00,22411190-2,RH,CURRENT,%,70.19302662699322
2026-04-25T03:45:00+00:00,22411190-3,Dew Point,CURRENT,°C,2.002447345442746
2026-04-25T03:45:00+00:00,22411191-1,Temperature,CURRENT,°C,7.504794921874996
2026-04-25T03:45:00+00:00,22411191-2,RH,CURRENT,%,67.37315938048371
2026-04-25T03:45:00+00:00,22411191-3,Dew Point,CURRENT,°C,1.860563914042247
2026-04-25T03:45:00+00:00,22411525-1,Temperature,CURRENT,°C,7.5691455078125
2026-04-25T03:45:00+00:00,22411525-2,RH,CURRENT,%,64.81422140840772
2026-04-25T03:45:00+00:00,22411525-3,Dew Point,CURRENT,°C,1.3816947623168412
2026-04-25T03:45:00+00:00,22411526-1,Temperature,CURRENT,°C,6.904189453124999
2026-04-25T03:45:00+00:00,22411526-2,RH,CURRENT,%,79.56359197375448
2026-04-25T03:45:00+00:00,22411526-3,Dew Point,CURRENT,°C,3.6228765712325752
2026-04-25T03:45:00+00:00,22411527-1,Temperature,CURRENT,°C,7.654946289062501
2026-04-25T03:45:00+00:00,22411527-2,RH,CURRENT,%,62.03402761882963
2026-04-25T03:45:00+00:00,22411527-3,Dew Point,CURRENT,°C,0.8540222276811397
2026-04-25T03:45:00+00:00,22411528-1,Temperature,CURRENT,°C,6.882739257812496
2026-04-25T03:45:00+00:00,22411528-2,RH,CURRENT,%,84.92408636606393
2026-04-25T03:45:00+00:00,22411528-3,Dew Point,CURRENT,°C,4.530336179401967
2026-04-25T03:45:00+00:00,22411529-1,Temperature,CURRENT,°C,6.646787109374998
2026-04-25T03:45:00+00:00,22411529-2,RH,CURRENT,%,91.69604028381781
2026-04-25T03:45:00+00:00,22411529-3,Dew Point,CURRENT,°C,5.398020549208897
2026-04-25T03:45:00+00:00,22411530-1,Temperature,CURRENT,°C,7.418994140624996
2026-04-25T03:45:00+00:00,22411530-2,RH,CURRENT,%,67.50896467536431
2026-04-25T03:45:00+00:00,22411530-3,Dew Point,CURRENT,°C,1.8066760863586242
2026-04-25T03:46:00+00:00,22411541-S,Battery,CURRENT,V,8.4644677734375
2026-04-25T03:50:00+00:00,22411189-1,Temperature,CURRENT,°C,7.011440429687497
2026-04-25T03:50:00+00:00,22411189-2,RH,CURRENT,%,75.60387579156176
2026-04-25T03:50:00+00:00,22411189-3,Dew Point,CURRENT,°C,3.0047678620917337
2026-04-25T03:50:00+00:00,22411190-1,Temperature,CURRENT,°C,7.075791015625001
2026-04-25T03:50:00+00:00,22411190-2,RH,CURRENT,%,71.78149080643931
2026-04-25T03:50:00+00:00,22411190-3,Dew Point,CURRENT,°C,2.3367275893528627
2026-04-25T03:50:00+00:00,22411191-1,Temperature,CURRENT,°C,7.504794921874996
2026-04-25T03:50:00+00:00,22411191-2,RH,CURRENT,%,68.60914015411612
2026-04-25T03:50:00+00:00,22411191-3,Dew Point,CURRENT,°C,2.114977091045714
2026-04-25T03:50:00+00:00,22411525-1,Temperature,CURRENT,°C,7.5691455078125
2026-04-25T03:50:00+00:00,22411525-2,RH,CURRENT,%,64.90882734416724
2026-04-25T03:50:00+00:00,22411525-3,Dew Point,CURRENT,°C,1.4020060538266692
2026-04-25T03:50:00+00:00,22411526-1,Temperature,CURRENT,°C,6.94708984375
2026-04-25T03:50:00+00:00,22411526-2,RH,CURRENT,%,76.96345464255741
2026-04-25T03:50:00+00:00,22411526-3,Dew Point,CURRENT,°C,3.194096699469917
2026-04-25T03:50:00+00:00,22411527-1,Temperature,CURRENT,°C,7.676396484374997
2026-04-25T03:50:00+00:00,22411527-2,RH,CURRENT,%,63.08842603189136
2026-04-25T03:50:00+00:00,22411527-3,Dew Point,CURRENT,°C,1.1082467117618175
2026-04-25T03:50:00+00:00,22411528-1,Temperature,CURRENT,°C,6.861289062499999
2026-04-25T03:50:00+00:00,22411528-2,RH,CURRENT,%,79.83978027008469
2026-04-25T03:50:00+00:00,22411528-3,Dew Point,CURRENT,°C,3.6302075806262346
2026-04-25T03:50:00+00:00,22411529-1,Temperature,CURRENT,°C,6.668237304687501
2026-04-25T03:50:00+00:00,22411529-2,RH,CURRENT,%,89.42092011902037
2026-04-25T03:50:00+00:00,22411529-3,Dew Point,CURRENT,°C,5.058068340936095
2026-04-25T03:50:00+00:00,22411530-1,Temperature,CURRENT,°C,7.397543945312499
2026-04-25T03:50:00+00:00,22411530-2,RH,CURRENT,%,68.92805371175707
2026-04-25T03:50:00+00:00,22411530-3,Dew Point,CURRENT,°C,2.077161912769581
2026-04-25T03:51:00+00:00,22411541-S,Battery,CURRENT,V,8.4644677734375
